X,Y,FAIRMARKETBUILDING__asmt,PROPERTYZIP__asmt,FAIRMARKETLAND__asmt,SALECODE__asmt,LEGAL1__asmt,PROPERTYFRACTION__asmt,PIN,NEIGHDESC__asmt,LOCALLAND__asmt,PROPERTYADDRESS__asmt,CLASSDESC__asmt,LEGAL2__asmt,COUNTYBUILDING__asmt,PROPERTYHOUSENUM__asmt,PROPERTYUNIT__asmt,FAIRMARKETTOTAL__asmt,LOTAREA__asmt,SALEDATE__asmt,LEGAL3__asmt,PROPERTYCITY__asmt,NEIGHCODE__asmt,LOCALTOTAL__asmt,SALEPRICE__asmt,COUNTYLAND__asmt,PROPERTYSTATE__asmt,LOCALBUILDING__asmt,USEDESC__asmt,COUNTYTOTAL__asmt,MUNIDESC__asmt
-79.9313284958224,40.3786682536629,0,15207,23800,H,LA VILLE NO 2 PLAN PARCEL A2 = 100X100X100     , ,0134J00100000000,13103,23800,GODARD ST,RESIDENTIAL,(OR .23 ALD) NEAR GODARD ST                    ,0,0, ,23800,198634,05-25-2017,,PITTSBURGH,13103,23800,36500,23800,PA,0,VACANT LAND,23800,31st Ward - PITTSBURGH
-80.0066559546213,40.4900043701326,0,15214,35400,H,JOHN LIGHTHILL EST PARTN PLAN PT PURPT A LOT   , ,0116C00152000000,WARD 26 - SUMMER HILL,35400,COLBY ST,RESIDENTIAL,184X235X259.90 COLBY ST (1.293 ALD)            ,0,3772, ,35400,63510,07-31-2015,,PITTSBURGH,12601,35400,125500,35400,PA,0,VACANT LAND,35400,26th Ward - PITTSBURGH
-79.9946086163614,40.4754928883953,0,15212,17900,N,7.76 A LD WILLIAMS RD                          , ,0078K00180000000,93702,17900,WILLIAMS RD,RESIDENTIAL,,0,0, ,17900,338022,01-16-1962,,PITTSBURGH,93702,17900,0,17900,PA,0,VACANT LAND,17900,Reserve  
-80.0035550529984,40.3827077235768,0,15234,500,H,OVERBROOK TER PLAN, ,0139D00024000000,13202,500,GEORGETTE ST,RESIDENTIAL,LOTS 310-313=180.00X260.59X180.00X262.39,0,0, ,500,43560,03-27-2018,,PITTSBURGH,13202,500,1,500,PA,0,VACANT LAND,500,32nd Ward - PITTSBURGH
-79.9800660677991,40.3925888055151,0,15210,21300,14,CARRICK AMENDED 2ND PLAN IRREG LOT 351.50X199.9X273.93, ,0094A00209000000,12901,21300,BECKS RUN RD,RESIDENTIAL,,0,0, ,21300,62509,02-28-2018,,PITTSBURGH,12901,21300,11000,21300,PA,0,VACANT LAND,21300,29th Ward - PITTSBURGH
-80.0163185161157,40.4950268395885,0,15214,15000,36,3.80 A LD LT SIDE LR 1021                      , ,0162M00325000000,WARD 26 - PERRY NORTH,15000,IVORY AVE,RESIDENTIAL,0.20 A LD RT SIDE LR 1021                      ,0,0, ,15000,174240,09-22-2014,,PITTSBURGH,12602,15000,5000,15000,PA,0,VACANT LAND,15000,26th Ward - PITTSBURGH
-79.9024908042473,40.3677128594248,0,15207,27600,H,STEPHEN GRABOWSKI REV PLAN #4-LOT= 575.01X     , ,0184S00020000000,13102,27600,MCELHINNY AVE,RESIDENTIAL,303.95X574.11 MC ELHINNEY AVE                  ,0,1879, ,27600,174676,10-10-2000,,PITTSBURGH,13102,27600,25000,27600,PA,0,VACANT LAND,27600,31st Ward - PITTSBURGH
-80.0025948718367,40.4022140030706,0,15226,4200,N,IRREG LOT 218.94X218.26X221.52 TIMBERLAND AVE  , ,0061D00065000000,11903,4200,TIMBERLAND AVE,RESIDENTIAL,(1.044 ALD)                                    ,0,0, ,4200,45477,02-27-1974,,PITTSBURGH,11903,4200,0,4200,PA,0,VACANT LAND,4200,19th Ward - PITTSBURGH
-80.0045281088723,40.4759691419692,0,15214,34800,H,192-196 INCL LOT 248.1XAVG219X273.56 RR IN ALL, ,0077L00206000000,WARD 26 - SUMMER HILL,34800,BOYER ST,RESIDENTIAL,BOYER ST,0,1635, ,34800,57107,02-03-2005,,PITTSBURGH,12601,34800,1,34800,PA,0,VACANT LAND,34800,26th Ward - PITTSBURGH
-79.9147868056385,40.4236414305196,0,15217,3000,N,BOULEVARD PARK PLAN 4 IRREG LOT 369.05X331.9X12, ,0128N00120000000,11403,3000,ANITA AVE,RESIDENTIAL,5.38 END OF ZAMA RD (PARCEL A),0,0, ,3000,83200,01-31-1958,,PITTSBURGH,11403,3000,0,3000,PA,0,VACANT LAND,3000,14th Ward - PITTSBURGH
-79.9566655636139,40.4539319989833,0,15219,34600,3,LOT 248.50X121.30X248.50 RR ALPENA ST          , ,0026R00080000000,10502,34600,ALPENA ST,RESIDENTIAL,,0,0, ,34600,54472,10-30-1998,,PITTSBURGH,10502,34600,700,34600,PA,0,VACANT LAND,34600,5th Ward - PITTSBURGH
-80.0142427231404,40.4917429021522,0,15214,600,H,RICH HILL FARM PLAN PT 24 ALL-25 LOT 250X220 IN, ,0163N00252000000,WARD 26 - PERRY NORTH,600,RUTLAND ST,RESIDENTIAL, ALL RUTHLAND ST,0,0, ,600,55016,06-16-2003,,PITTSBURGH,12602,600,114100,600,PA,0,VACANT LAND,600,26th Ward - PITTSBURGH
-80.0312285967498,40.4176792468046,0,15216,50200,3,SIMMON PLAN 5.691 A LD MORE OR LESS BANKSVILLE , ,0016J00021000000,12001,50200,BANKSVILLE RD,RESIDENTIAL,AVE                                            ,0,0, ,50200,247900,09-15-1997,,PITTSBURGH,12001,50200,1,50200,PA,0,VACANT LAND,50200,20th Ward - PITTSBURGH
-79.9306901847143,40.4886538086888,0,15206,41600,2,1.770 ALD HILLSIDE BAKER ST & MARIETTA ST      , ,0121E00051000000,11003,41600,BAKER ST,RESIDENTIAL,,0,0, ,41600,77101,10-25-2013,,PITTSBURGH,11003,41600,14443,41600,PA,0,VACANT LAND,41600,10th Ward - PITTSBURGH
-80.0699762853068,40.4484526222051,0,15205,21600,H,TRI LOT 533.47X247X595 WINDGAP RD              , ,0070H00258000000,12802,21600,WINDGAP AVE,RESIDENTIAL,,0,0, ,21600,65863,03-31-2016,,PITTSBURGH,12802,21600,1,21600,PA,0,VACANT LAND,21600,28th Ward - PITTSBURGH
-80.0453922097178,40.4367789718166,0,15205,25000,3,CHUBAROV PLAN #1 IRREG LOT 269.7XAVG491.22X, ,0019J00140000000,12002,25000,BEHRENS ST,RESIDENTIAL,272.71 BEHRENS WAY RR LEDGEDALE ST,0,0, ,25000,103237,10-23-2018,,PITTSBURGH,12002,25000,0,25000,PA,0,VACANT LAND,25000,20th Ward - PITTSBURGH
-79.9805722616501,40.3994349830061,0,15210,22700,4,CRAILO PLAN 412-413 IRREG LOT 588.4X513.11X178, ,0059E00190000000,12901,22700,ADALIA ST,RESIDENTIAL,,0,0, ,22700,77606,12-17-1978,,PITTSBURGH,12901,22700,500,22700,PA,0,VACANT LAND,22700,29th Ward - PITTSBURGH
-79.9036478380708,40.483004057676,0,15206,34900,GV,6.313 ALD HILLSIDE S OF ALLY RIVER BLVD NR     , ,0122R00350000001,11201,34900,HILLSIDE ,RESIDENTIAL,BRILLIANT PUMPING STA                          ,0,0, ,34900,274994,08-17-2018,,PITTSBURGH,11201,34900,17127,34900,PA,0,VACANT LAND,34900,12th Ward - PITTSBURGH
-79.9395227683325,40.3778941795946,0,15207,16000,8,STELLA D HAYS PLAN IRREG LOT 20.04X150X631.24 (, ,0135L00109000000,13103,16000,RAND ST,RESIDENTIAL,.5A) RAND ST                                   ,0,0, ,16000,48787,12-31-1997,,PITTSBURGH,13103,16000,120000,16000,PA,0,VACANT LAND,16000,31st Ward - PITTSBURGH
-79.9397514399673,40.379860619863,0,15236,56300,H,8.6 A LD REVO RD                               , ,0135L00150000000,BALDWIN BOROUGH,56300,REVO RD,RESIDENTIAL,,0,0, ,56300,374616,10-11-2018,,PITTSBURGH,87701,56300,42500,56300,PA,0,VACANT LAND,56300,Baldwin Boro  
-80.0445885900072,40.4302648430709,0,15220,25500,H,2 1/2 A LD KEARNS ST                           , ,0018F00008000000,12802,25500,KEARNS AVE,RESIDENTIAL,,0,0, ,25500,108900,02-08-2016,,PITTSBURGH,12802,25500,1,25500,PA,0,VACANT LAND,25500,28th Ward - PITTSBURGH
-80.0454799354076,40.4287507699931,0,15205,35760,8,THE JOSEPH M BASIL 1ST REV PLAN LOT #5         , ,0018E00268000000,83103,35760,ELMDALE RD,RESIDENTIAL,IRREG PLAN PARCEL #5-C = 240X211.09X           ,0,0, ,35760,93698,02-07-1994,355.74 (2.151 ALD) REAR ELMDALE RD             ,PITTSBURGH,83103,35760,255000,35760,PA,0,VACANT LAND,35760,Greentree  
-79.9352609972261,40.3905414487432,0,15207,17000,3,LOT 249.11X120X215 RR GLASS RUN RD             , ,0092H00139000000,13103,17000,GLASS RUN RD,RESIDENTIAL,LOT 208XAVG161.5X178 RR GLASS RUN RD.          ,0,0, ,17000,58937,09-28-1993,,PITTSBURGH,13103,17000,5416,17000,PA,0,VACANT LAND,17000,31st Ward - PITTSBURGH
-79.9277972994188,40.3842049493945,0,15207,25900,H,DOERR TERRACE PLAN 183- 201 INCL LOT 1240.95X14, ,0134B00134000000,13103,25900,CIRCLE AVE,RESIDENTIAL,0X1011.46 RR IN ALL CIRCLE AVE,0,0, ,25900,156816,08-02-2007,,PITTSBURGH,13103,25900,39250,25900,PA,0,VACANT LAND,25900,31st Ward - PITTSBURGH
-79.880322731167,40.4523323854012,0,15221,14200,GV,HAVERHILL PLAN PARCEL A IRREG LOT 250.67XAVG   , ,0232A00480000000,11301,14200,INGLENOOK PL,RESIDENTIAL,406.14X325.60 INGLNOOK PLACE COR PRIVATE WAY (2,0,0, ,14200,106722,04-20-2018,AC LD)                                         ,PITTSBURGH,11301,14200,15776,14200,PA,0,VACANT LAND,14200,13th Ward - PITTSBURGH
-79.9806265575627,40.4012929666304,0,15210,5300,N,S VIEW PLACE PLAN 297 TO 301 INCL IRREG TRI LOT, ,0059E00109000000,12901,5300,E MEYERS ST,RESIDENTIAL, 312.58X200X143.55 RR IN ALL MEYER ST          ,0,0, ,5300,45960,12-03-1931,,PITTSBURGH,12901,5300,0,5300,PA,0,VACANT LAND,5300,29th Ward - PITTSBURGH
-79.9366636771521,40.3800725581735,0,15207,24000,U,RISHER PLAN PT 157 TRI LOT 313X83X320 RR BALDWI, ,0135H00240000000,13103,24000,BALDWIN RD,RESIDENTIAL,N RD                                           ,0,732, ,24000,135907,07-27-2001,LOT 320XAVG372.5X340.92 RR BALDWIN RD          ,PITTSBURGH,13103,24000,2500,24000,PA,0,VACANT LAND,24000,31st Ward - PITTSBURGH
-79.9363141483616,40.4876476256009,0,15201,10000,H,1.557 A LAND BUTLER ST, ,0120H00137000000,11003,10000,BUTLER ST,RESIDENTIAL,,0,0, ,10000,67823,10-30-2015,,PITTSBURGH,11003,10000,148000,10000,PA,0,VACANT LAND,10000,10th Ward - PITTSBURGH
-79.9328487969416,40.4743509957609,0,15201,52000,H,STANTON HEIGHTS MANOR NO 2 -  REVISED, ,0082N00325000000,11002,52000,STANTON AVE,RESIDENTIAL,PARCEL A-2 = 375.52 X 396.82 X 787.45 X 346.43 X 603.98,0,0, ,52000,371349,10-31-2013,,PITTSBURGH,11002,52000,1,52000,PA,0,VACANT LAND,52000,10th Ward - PITTSBURGH
-79.9277389623214,40.3846084623242,0,15207,21700,H,DOERR TERRACE PLAN 240-251 INCL LOT 603.01X150X, ,0134B00006000000,13103,21700,HOMERIDGE DR,RESIDENTIAL,864.54 RR IN ALL HOMERRIDGE AV SOUTHERN AV,0,0, ,21700,110207,08-02-2007,,PITTSBURGH,13103,21700,39250,21700,PA,0,VACANT LAND,21700,31st Ward - PITTSBURGH
-79.8905358929229,40.4734497116615,0,15206,35500,AA,4.562 A LAND LINCOLN AVE & CITY LINE, ,0172R00220000000,11201,35500,LINCOLN AVE,RESIDENTIAL,IRREG LOT 34.82XAVG180 LINCOLN AVE,0,1725, ,35500,246637,05-04-2007,1.1 ACRES OF LAND VERONA BLVD NEAR LINCOLN AVE,PITTSBURGH,11201,35500,120000,35500,PA,0,VACANT LAND,35500,12th Ward - PITTSBURGH
-79.8683443254482,40.4528956792033,0,15221,23400,N,EAST HILLS PARK PLAN OF LOTS - PHASE 2, ,0232B00225000000,11301,23400,MONTIER ST,RESIDENTIAL,PT PARCEL E = 0.22 ALD,0,0, ,23400,209524,09-25-1959,EAST HILLS PARK NO 1 PLAN,PITTSBURGH,11301,23400,0,23400,PA,0,VACANT LAND,23400,13th Ward - PITTSBURGH
-79.8747511151583,40.45405486325,0,15221,10500,N,EAST HILLS PARK NO 1-SEC 1 PARCEL A1 LOT = 382, ,0231L00390000000,11301,10500,PARK HILL DR,RESIDENTIAL,FRONTING WITH 7 TOTAL BEARINGS,0,0, ,10500,66207,10-23-1964,,PITTSBURGH,11301,10500,0,10500,PA,0,VACANT LAND,10500,13th Ward - PITTSBURGH
-79.8833956905025,40.453419584669,0,15221,8200,N,VILLA PLACE PLAN 1.17 A LD SINGER PLACE        , ,0174S00340000000,11303,8200,SINGER PL,RESIDENTIAL,,0,0, ,8200,50965,12-09-1961,,PITTSBURGH,11303,8200,0,8200,PA,0,VACANT LAND,8200,13th Ward - PITTSBURGH
-79.9809166161332,40.4158880431897,0,15210,14800,H,J P EICHLEY JR SUB DIV PLAN, ,0013N00048000000,11603,14800,JONQUIL ST,RESIDENTIAL,LOTS 12-35 = 576X100X576X100,0,0, ,14800,57630,02-14-2014,,PITTSBURGH,11603,14800,0,14800,PA,0,VACANT LAND,14800,16th Ward - PITTSBURGH
-79.9948765495161,40.4766964500885,0,15212,12300,N,5.35 A LD WILLIAMS RD                          , ,0078K00150000000,93702,12300,WILLIAMS RD,RESIDENTIAL,,0,0, ,12300,233050,12-11-1961,,PITTSBURGH,93702,12300,0,12300,PA,0,VACANT LAND,12300,Reserve  
-79.9589783151412,40.4106568184545,0,15210,15400,21,3.85 AC LD BECKS RUN RD, ,0031F00080000000,11603,15400,BECKS RUN RD,RESIDENTIAL,,0,0, ,15400,167706,02-27-2006,,PITTSBURGH,11603,15400,1633,15400,PA,0,VACANT LAND,15400,16th Ward - PITTSBURGH
-79.9796126316076,40.4062527889487,0,15210,22800,H,3.31 A LD WAGNER ST, ,0032N00001000000,11603,22800,WAGNER ST,RESIDENTIAL,,0,0, ,22800,144184,09-17-2009,,PITTSBURGH,11603,22800,41200,22800,PA,0,VACANT LAND,22800,16th Ward - PITTSBURGH
-79.9317024962006,40.3853121349317,0,15207,19900,8,DOERR TER PLAN 41 IRREG LOT 532.89X168.24X546. , ,0091N00115000000,13103,19900,DOERRVILLE AVE,RESIDENTIAL,83 DOERVILLE AVE                               ,0,0, ,19900,90605,07-13-1993,,PITTSBURGH,13103,19900,2380,19900,PA,0,VACANT LAND,19900,31st Ward - PITTSBURGH
-79.9169125395454,40.4212666562476,0,15217,12500,H,BEECHWOOD FLATS PLAN REVISION NO 1, ,0088D00110000000,11401,12500,BEECHWOOD BLVD,RESIDENTIAL,PARCEL C = 265.31 FRONTING WITH 18 TOTAL BEARINGS,0,0, ,12500,110324,01-14-2004,,PITTSBURGH,11401,12500,350000,12500,PA,0,VACANT LAND,12500,14th Ward - PITTSBURGH
-79.9497967817026,40.4579708992464,0,15224,58100,3,FRANENHEIM VILSACK & HOEVELER PLAN, ,0026H00160000000,10803,58100,ALOE ST,RESIDENTIAL,LOTS 21-25 = 67.70X47.73X105.78X33.42X70 (ALOE WAY),0,0, ,58100,75198,12-29-1949,"(66,501 SF) EDMOND ST BET ALOE & RR",PITTSBURGH,10803,58100,0,58100,PA,0,VACANT LAND,58100,8th Ward - PITTSBURGH
-80.0031370988498,40.4018219789355,0,15226,32800,N,BAILEY & MOON PLAN 38-39-40- 41-42 LOT 255.45X3, ,0061D00040000000,11903,32800,DREAM ST,RESIDENTIAL,46.17X272.5 RR IN ALL DREANO AV COR EDGEBROOK A,0,0, ,32800,78922,06-14-1973,,PITTSBURGH,11903,32800,0,32800,PA,0,VACANT LAND,32800,19th Ward - PITTSBURGH
-79.9814528521277,40.4078029172165,0,15210,22000,9,JOHN F WALTER 2ND PLAN 138-139 -140-141-142-143, ,0032J00138000000,83901,22000,WALTER AVE,RESIDENTIAL,144-145-146- 147-148-149-150 LOT 315XAVG161.X2,0,0, ,22000,48221,05-25-1976,LL WALTER AVE                                  ,PITTSBURGH,83901,22000,3500,22000,PA,0,VACANT LAND,22000,Mt. Oliver  
-79.9063828941612,40.471870949346,0,15206,7000,H,1 A LD OLIVANT ST                              , ,0124C00115000000,11201,7000,OLIVANT ST,RESIDENTIAL,,0,6200, ,7000,43560,04-30-2013,,PITTSBURGH,11201,7000,300000,7000,PA,0,VACANT LAND,7000,12th Ward - PITTSBURGH
-79.9020688675431,40.3655295777873,0,15207,18700,N,1.777 A LD ORCHID ST                           , ,0184S00001000000,13102,18700,ORCHID ST,RESIDENTIAL,,0,0, ,18700,77406,08-17-1962,,PITTSBURGH,13102,18700,0,18700,PA,0,VACANT LAND,18700,31st Ward - PITTSBURGH
-79.9955544084463,40.3963563713441,0,15210,20500,3,J KEELING PL 74-75 1/2-76 LOT 357.89XAVG232.87X, ,0060N00210000000,12902,20500,COLERAIN ST,RESIDENTIAL,295.62 RR IN AL COLERAIN ST,0,0, ,20500,76230,05-17-1995,,PITTSBURGH,12902,20500,1,20500,PA,0,VACANT LAND,20500,29th Ward - PITTSBURGH
-79.9365829851072,40.3847370810331,0,15236,30800,9,IRREG LOT 96.05X445.67X194.49 (1.302 ALD)      , ,0092R00048000001,BALDWIN BOROUGH,30800,DALEVA ST,RESIDENTIAL,DALEVA ST                                      ,0,0, ,30800,56715,07-13-1992,,PITTSBURGH,87701,30800,95000,30800,PA,0,VACANT LAND,30800,Baldwin Boro  
-79.9869227930974,40.4682281867868,0,15212,18900,GV,LOT 240X315.5X130 BOROUGH ST                   , ,0047G00225000000,WARD 26 - NORTHVIEW HEIGHTS,18900,BOROUGH ST,RESIDENTIAL,,0,0, ,18900,58370,10-24-2014,,PITTSBURGH,12603,18900,14956,18900,PA,0,VACANT LAND,18900,26th Ward - PITTSBURGH
-80.0260687834961,40.4849731451268,0,15212,500,3,1 A LD IN RR WOODS RUN AVE                     , ,0115K00127000000,WARD 26 - PERRY NORTH,500,WOODS RUN AVE,RESIDENTIAL,,0,0, ,500,43560,01-30-2002,,PITTSBURGH,12602,500,1500,500,PA,0,VACANT LAND,500,26th Ward - PITTSBURGH
-80.0594421547951,40.4515400527349,0,15204,21000,99,CANTIBERRY WEST PLAN #A IRREG LOT              , ,0041B00227000000,12003,21000,HILLSBORO ST,RESIDENTIAL,632.13X102.63X638.27 OR 1.761 AC BERRY ST      ,0,0, ,21000,81327,11-01-1995,,PITTSBURGH,12003,21000,0,21000,PA,0,VACANT LAND,21000,20th Ward - PITTSBURGH
-80.0114788579958,40.5001015860383,0,15214,34400,4,ADAM BEPLER JR PL PTS-2-3 IRREG TRI            , ,0163B00080000000,WARD 26 - SUMMER HILL,34400,NELSON RUN RD,RESIDENTIAL,LOT 145X167.43X76.28 NELSON RUN RD             ,0,0, ,34400,53143,08-09-1985,ADAM BEPLER JR PL PTS 9-10-11 IRREG LOT        ,PITTSBURGH,12601,34400,1800,34400,PA,0,VACANT LAND,34400,26th Ward - PITTSBURGH
-79.9095161311288,40.4660098713039,0,15206,8600,2,RICHARD THOMPSON PLAN 33 PT 34 LOT 34.36X130 IN, ,0124K00206000000,11203,8600,THOMPSON ST,RESIDENTIAL, ALL THOMPSON                                  ,0,0, ,8600,44649,12-14-2012,,PITTSBURGH,11203,8600,12996,8600,PA,0,VACANT LAND,8600,12th Ward - PITTSBURGH
-80.0739164941493,40.4501422682572,0,15205,19500,GV,INGRAM PLACE PLAN PT 6 1 A LD WINDGAP RD       , ,0070G00275000000,12802,19500,WINDGAP AVE,RESIDENTIAL,,0,0, ,19500,43560,09-22-2015,,PITTSBURGH,12802,19500,14758,19500,PA,0,VACANT LAND,19500,28th Ward - PITTSBURGH
-79.9250615385068,40.3860019255808,0,15207,19300,H,DOERR TERRACE PLAN 291-300 INCL LOT 573X150X551, ,0091P00210000000,13103,19300,SOUTHVIEW AVE,RESIDENTIAL,.52 RR IN ALL SOUTHVIEW AV,0,0, ,19300,84332,08-02-2007,,PITTSBURGH,13103,19300,39250,19300,PA,0,VACANT LAND,19300,31st Ward - PITTSBURGH
-79.9283327686793,40.3857249076994,0,15207,17700,H,DOERR TERRACE PLAN 233 TO 239 INCL LOT 442.62X1, ,0091P00155000000,13103,17700,HOMERIDGE DR,RESIDENTIAL,65.84X362.34 RR IN ALL HOMERIDGE AVE,0,0, ,17700,66734,08-02-2007,,PITTSBURGH,13103,17700,39250,17700,PA,0,VACANT LAND,17700,31st Ward - PITTSBURGH
-80.005217817789,40.399404746846,0,15210,2000,H,ZIMMERMAN SUBD BAILEY & MOON PLAN 1 LOT 322.31X153.82, ,0061G00300000000,13201,2000,ZIMMERMAN ST,RESIDENTIAL,,0,0, ,2000,49658,12-18-2015,,PITTSBURGH,13201,2000,17000,2000,PA,0,VACANT LAND,2000,32nd Ward - PITTSBURGH
-79.9261993580197,40.4082588067341,0,15207,65400,H,IMPROVEMENT SUBDIVISION SITE PLAN FOR, ,0089K00140000000,11501,65400,JOHNSTON AVE,RESIDENTIAL,NAOMI'S GARDEN PLAN #7 PARCEL = 423.66X,0,0, ,65400,43996,04-24-2009,50.69X309.96 (1.01 ALD) JOHNSTON AVE,PITTSBURGH,11501,65400,2400000,65400,PA,0,VACANT LAND,65400,15th Ward - PITTSBURGH
-80.0135580656611,40.4925521791619,0,15214,32500,H,RICH HILL FARM PLAN 17-18-19 IRREG LOT 650.20X2, ,0163N00158000000,WARD 26 - PERRY NORTH,32500,EVERGREEN RD,RESIDENTIAL,44.77X 504.62 IN ALL RUTLAND ST                ,0,4021, ,32500,141352,10-15-1998,,PITTSBURGH,12602,32500,92500,32500,PA,0,VACANT LAND,32500,26th Ward - PITTSBURGH
-79.9562088141445,40.4559148352081,0,15219,10000,9,5.794 A LD FINLAND ST                          , ,0026L00260000000,10503,10000,FINLAND ST,RESIDENTIAL,,0,0, ,10000,286974,10-27-2008,,PITTSBURGH,10503,10000,1,10000,PA,0,VACANT LAND,10000,5th Ward - PITTSBURGH
-80.0466925237867,40.4559943904494,0,15204,17800,4,TRI LOT 82.59X271.24X258.36 RR GLASGOW ST      , ,0021J00158000000,12003,17800,GLASGOW ST,RESIDENTIAL,,0,0, ,17800,46217,06-06-1979,,PITTSBURGH,12003,17800,400,17800,PA,0,VACANT LAND,17800,20th Ward - PITTSBURGH
-79.9853627086928,40.3813535257599,0,15227,23200,N,1.907 A LD STEWART AV & HORNING ST             , ,0138H00105000000,13203,23200,HORNING ST,RESIDENTIAL,2 STY FRA HSE 246                              ,0,0, ,23200,83069,08-10-1967,,PITTSBURGH,13203,23200,0,23200,PA,0,VACANT LAND,23200,32nd Ward - PITTSBURGH
-80.0342588923101,40.4164302849788,0,15220,34500,3,JOHN BROWN & WM CARNAHAN FARM PLAN PT 26 LOT 16, ,0017M00190000000,12001,34500,BULFORD AVE,RESIDENTIAL,3.76X266 BULFORD AVE                           ,0,0, ,34500,54189,01-19-1976,PT VAC MEDHURST ST LOT 40X266 HILL WAY COR MEDH,PITTSBURGH,12001,34500,1,34500,PA,0,VACANT LAND,34500,20th Ward - PITTSBURGH
-80.035892667725,40.488771318606,0,15212,5300,H,BEN VUE GARDENS 2ND PLAN PARCEL B LOT 87.13X346, ,0114H00188000000,WARD 27,5300,DREXEL RD,RESIDENTIAL,.31X246.54 RR DREXEL RD                        ,0,0, ,5300,57935,05-10-2019,,PITTSBURGH,12701,5300,162000,5300,PA,0,VACANT LAND,5300,27th Ward - PITTSBURGH
-79.9804577326845,40.3952830949817,0,15210,14700,0,1.656 A LD MADELINE ST                         , ,0059N00182000000,12901,14700,MADELINE ST,RESIDENTIAL,,0,0, ,14700,72310,06-20-1988,,PITTSBURGH,12901,14700,15000,14700,PA,0,VACANT LAND,14700,29th Ward - PITTSBURGH
-79.9198781824926,40.371336690493,0,15207,29300,H,KENNEDY PLAN OF LOTS, ,0185H00199000000,13102,29300,MIFFLIN RD,RESIDENTIAL,PT PARCEL A = 174.49X101.64X637.96X47.19X198.76X45.37X223.41,0,0, ,29300,193014,04-10-2014,X172.86X80.57X224.69X66.33X100.65X100.32X99.84X60.14X48.95,PITTSBURGH,13102,29300,10000,29300,PA,0,VACANT LAND,29300,31st Ward - PITTSBURGH
-80.0408258571132,40.4904604800691,0,15212,47200,3,LOT 6.687 A LD BRIGHTON RD TO BRANDON, ,0114B00060000000,WARD 27,47200,BRIGHTON RD,RESIDENTIAL,,0,0, ,47200,291286,10-02-1948,,PITTSBURGH,12701,47200,0,47200,PA,0,VACANT LAND,47200,27th Ward - PITTSBURGH
-80.0460692082312,40.4477557121154,0,15220,27400,5V,3.47 A LD CHARTIERS AVE                        , ,0020J00001000000,12003,27400,CHARTIERS AVE,RESIDENTIAL,,0,0, ,27400,151153,01-16-2001,,PITTSBURGH,12003,27400,20000,27400,PA,0,VACANT LAND,27400,20th Ward - PITTSBURGH
-79.9500920079054,40.4293073607482,0,15213,50300,9,1.32 ACRES S OF W BOUNDARY ST NORTH OF SYLVAN A, ,0029H00300000000,10403,50300,BOUNDARY ST,RESIDENTIAL,V,0,0, ,50300,57499,05-23-2008,,PITTSBURGH,10403,50300,1,50300,PA,0,VACANT LAND,50300,4th Ward - PITTSBURGH
-79.9901014071677,40.4768325329148,0,15212,22600,,IRREG LOT 440XAVG225 SPRING GARDEN RD NR BAUM S, ,0078L00264000000,WARD 26 - NORTHVIEW HEIGHTS,22600,SPRING GARDEN AVE,RESIDENTIAL,T                                              ,0,0, ,22600,98881,05-05-1950,,PITTSBURGH,12603,22600,0,22600,PA,0,VACANT LAND,22600,26th Ward - PITTSBURGH
-80.0103694698029,40.3977766746687,0,15226,32400,H,1.71 A LD EDGEBROOK AVE, ,0061K00070000000,11903,32400,EDGEBROOK AVE,RESIDENTIAL,,0,0, ,32400,74488,12-18-2015,,PITTSBURGH,11903,32400,17000,32400,PA,0,VACANT LAND,32400,19th Ward - PITTSBURGH
-80.0842983084323,40.4231589408683,0,15205,36500,9,5.308 ALD CHARTIERS AVE                        , ,0104D00020000000,12803,36500,CHARTIERS AVE,RESIDENTIAL,,0,0, ,36500,231304,08-05-1992,,PITTSBURGH,12803,36500,25000,36500,PA,0,VACANT LAND,36500,28th Ward - PITTSBURGH
-79.9350767875105,40.3846175293627,0,15207,17700,N,J M RISER PLAN 198-199-200 LOT 300XAVG221.68 IN, ,0135D00181000000,13103,17700,KILGORE ST,RESIDENTIAL, ALL KILGORE ST TO DIVISION ST                 ,0,0, ,17700,66473,01-02-1947,,PITTSBURGH,13103,17700,0,17700,PA,0,VACANT LAND,17700,31st Ward - PITTSBURGH
-79.9289628124648,40.3868442056955,0,15207,16100,H,DOERR TERRACE PLAN 210-214 INCL LOT 285XAVG172., ,0091N00301000000,13103,16100,CIRCLE AVE,RESIDENTIAL,41X291.75 RR IN ALL CIRCLE AVE,0,0, ,16100,49658,08-02-2007,,PITTSBURGH,13103,16100,39250,16100,PA,0,VACANT LAND,16100,31st Ward - PITTSBURGH
-80.0387781104184,40.4151659344223,0,15220,37300,9,LOT 156.62XAVG449.94X216.43 OR (1.9457 ALD)    , ,0017R00110000000,12001,37300,CRANE AVE,RESIDENTIAL,REAR OF CRANE AVE                              ,0,0, ,37300,84071,01-02-1985,,PITTSBURGH,12001,37300,10,37300,PA,0,VACANT LAND,37300,20th Ward - PITTSBURGH
-79.9094660990022,40.4665649141388,0,15206,8700,9,LOT 201.18X188.46X257.01 RR HOOKER COR THOMPSON, ,0124K00316000000,11203,8700,HOOKER ST,RESIDENTIAL,,0,0, ,8700,44736,05-25-1990,,PITTSBURGH,11203,8700,2500,8700,PA,0,VACANT LAND,8700,12th Ward - PITTSBURGH
-79.9278108289957,40.3798223291656,0,15207,32600,H,LA VILLE PLAN NO 1, ,0134F00010000000,13103,32600,TORCH ST,RESIDENTIAL,PARCEL C = 570 FRONTING WITH 14 TOTAL BEARINGS,0,0, ,32600,670824,05-25-2017,,PITTSBURGH,13103,32600,36500,32600,PA,0,VACANT LAND,32600,31st Ward - PITTSBURGH
-80.00812934327,40.3961799618468,0,15226,1100,14,LOT=396.18 X 123.30 X 40 X 140 X 406.33 X 79.89 X, ,0061P00180000000,13202,1100,WHITED ST,RESIDENTIAL,X 106.04 X 110.27 X 117.73 X 123.64,0,0, ,1100,93654,08-17-2018,,PITTSBURGH,13202,1100,40000,1100,PA,0,VACANT LAND,1100,32nd Ward - PITTSBURGH
-79.9292742656333,40.3831829869678,0,15207,1200,AA,DOERR TERRACE PLAN OF LOTS, ,0134A00229000000,13103,1200,MIFFLIN RD,RESIDENTIAL,PT LOTS 3 THRU 12 = 279X18X29X154.50X329.23X170.75,0,0, ,1200,52677,07-23-2007,,PITTSBURGH,13103,1200,10000,1200,PA,0,VACANT LAND,1200,31st Ward - PITTSBURGH
-79.9845830170402,40.4669936819728,0,15212,18900,N,1.35 A LD E SIDE SPRING GARDEN AVE             , ,0047M00168000100,WARD 26 - NORTHVIEW HEIGHTS,18900,SPRING GARDEN AVE,RESIDENTIAL,,0,0, ,18900,58806,02-28-1970,,PITTSBURGH,12603,18900,0,18900,PA,0,VACANT LAND,18900,26th Ward - PITTSBURGH
-80.0287188623385,40.4357705477909,0,15211,12200,9,CLARENCE SHALER PLAN 26 TO 29 & ALL 30 TO 35 IN, ,0006K00024000000,11903,12200,FINGAL ST,RESIDENTIAL,CL IRREG LOT 410X223.06X425 RR FINGAL ST       ,0,0, ,12200,132858,07-01-1987,,PITTSBURGH,11903,12200,4810,12200,PA,0,VACANT LAND,12200,19th Ward - PITTSBURGH
-79.9779368234036,40.4136605021234,0,15210,13500,9,YARDS PLAN 6 1 A LD PARKWOOD RD                , ,0032B00005000000,11603,13500,PARKWOOD RD,RESIDENTIAL,,0,0, ,13500,43560,10-31-1988,,PITTSBURGH,11603,13500,23000,13500,PA,0,VACANT LAND,13500,16th Ward - PITTSBURGH
-80.0481853604008,40.4391911876365,0,15220,5000,GV,NEVIN PL PLAN 76-92 1/2 INCL LOT 453.29X105 IN , ,0019E00151000000,12802,5000,NEVA ST,RESIDENTIAL,ALL NEVA ST                                    ,0,0, ,5000,47611,10-19-2018,,PITTSBURGH,12802,5000,16006,5000,PA,0,VACANT LAND,5000,28th Ward - PITTSBURGH
-79.9871677826583,40.4730656133948,0,15212,17500,2,1 A LD SPRING GARDEN AVE                       , ,0078R00061000000,WARD 26 - NORTHVIEW HEIGHTS,17500,SPRING GARDEN AVE,RESIDENTIAL,,0,2513, ,17500,43560,01-18-2008,,PITTSBURGH,12603,17500,12810,17500,PA,0,VACANT LAND,17500,26th Ward - PITTSBURGH
-79.9283686727279,40.3826596938583,0,15207,15900,N,PT LOT 1 = 26.31X174.86X332.56X138.18X138.09X100X39.17X15.70, ,0134B00316000000,13103,15900,IRWIN ST,RESIDENTIAL,PT LOT 2 = 30X172.87X30.07X174.86,0,0, ,15900,47437,06-22-1950,,PITTSBURGH,13103,15900,0,15900,PA,0,VACANT LAND,15900,31st Ward - PITTSBURGH
-79.9315809056822,40.3773128284257,0,15207,165500,H,LA VILLE PLAN NO 2, ,0134N00001000000,13103,165500,LAVILLE AVE,RESIDENTIAL,PARCEL A1 = 589.7 FRONTING WITH 22 TOTAL BEARINGS,0,0, ,165500,3213422,05-25-2017,,PITTSBURGH,13103,165500,105000,165500,PA,0,VACANT LAND,165500,31st Ward - PITTSBURGH
-79.9047003983091,40.3670825601116,0,15207,16000,3,GASIOROWSKI CONSOLIDATION PLAN, ,0184R00193000000,13102,16000,MCELHINNY AVE,RESIDENTIAL,LOT 1 = 160X303.95X160X303.95,0,0, ,16000,48630,07-20-2016,,PITTSBURGH,13102,16000,1,16000,PA,0,VACANT LAND,16000,31st Ward - PITTSBURGH
-80.0592933901709,40.4621023556488,0,15204,51600,3,(5.70 A LD) STANHOPE ST (1 A LD) SUBJECT TO, ,0042B00020000000,12004,51600,STAFFORD ST,RESIDENTIAL,GAS EASEMENT,0,3379, ,51600,248292,02-28-2003,,PITTSBURGH,12004,51600,1,51600,PA,0,VACANT LAND,51600,20th Ward - PITTSBURGH
-79.9038106987935,40.4699864397013,0,15206,13400,H,DEAN PARK REV PLAN PT UN# PARCEL & PT VAC HELEN, ,0124C00218000000,11202,13400,NELSON ST,RESIDENTIAL,ST IRREG LOT 2.451 A LD NELSON ST COR OLDSMAR S,0,0, ,13400,106766,11-06-2002,,PITTSBURGH,11202,13400,200000,13400,PA,0,VACANT LAND,13400,12th Ward - PITTSBURGH
-79.9409258880303,40.378974524402,0,15236,24700,H,256 & 258 DUPLEX & 260 REVO ROAD PLAN, ,0135L00145000000,BALDWIN BOROUGH,24700,REVO RD,RESIDENTIAL,PARCEL 'A' = 941.667X77.507X1224.896,0,0, ,24700,132536,10-11-2018,,PITTSBURGH,87701,24700,42500,24700,PA,0,VACANT LAND,24700,Baldwin Boro  
-79.9336054828082,40.3790604758993,0,15207,20300,3,LOT 164.4X429.39X279.29 RR RAILSIDE ST         , ,0135M00138000000,13103,20300,RAILSIDE ST,RESIDENTIAL,,0,0, ,20300,95396,08-19-1991,,PITTSBURGH,13103,20300,1,20300,PA,0,VACANT LAND,20300,31st Ward - PITTSBURGH
-80.0479089775923,40.4857800665163,0,15202,23000,H,3.5 A LAND GITTENS ST NEAR JACKS RUN RD, ,0114J00250000000,WARD 27,23000,GITTENS ST,RESIDENTIAL,,0,0, ,23000,152460,07-13-2011,,PITTSBURGH,12701,23000,91970,23000,PA,0,VACANT LAND,23000,27th Ward - PITTSBURGH
-79.8737250288245,40.4558543408026,0,15221,60100,N,EAST HILLS PARK 1ST PLAN STAGE 1 2 & 3 (18.7165) ALD, ,0231L00380000000,11301,60100,EAST HILLS DR,RESIDENTIAL,EAST HILLS DR COR PARK HILL,0,0, ,60100,815290,03-17-1965,,PITTSBURGH,11301,60100,0,60100,PA,0,VACANT LAND,60100,13th Ward - PITTSBURGH
-79.9875981949749,40.4671695242867,0,15212,21100,GV,1.84 ACRESLAND HILLSIDE HETZEL ST              , ,0047L00200000000,WARD 26 - NORTHVIEW HEIGHTS,21100,HETZEL ST,RESIDENTIAL,PART VACATED FALL STREET LOT 10X161 HAUG ST    ,0,0, ,21100,81758,10-24-2014,,PITTSBURGH,12603,21100,24542,21100,PA,0,VACANT LAND,21100,26th Ward - PITTSBURGH
-79.9252315438661,40.3865881164666,0,15207,18700,H,DOERR TERRACE PLAN 301-308 INCL LOT 458X165X480, ,0091P00173000000,13103,18700,SOUTHVIEW AVE,RESIDENTIAL, RR IN ALL SOUTHVIEW AV,0,0, ,18700,77406,08-02-2007,,PITTSBURGH,13103,18700,39250,18700,PA,0,VACANT LAND,18700,31st Ward - PITTSBURGH
-80.0044950124847,40.4966592731713,0,15214,34000,27,AMERICAN TOWERS PLAN OF LOTS, ,0163G00325000000,WARD 26 - SUMMER HILL,34000,IVORY AVE,RESIDENTIAL,PARCEL A  = 324.97 FRONTING WITH 10 TOTAL BEARINGS,0,0, ,34000,84251,10-31-2006,,PITTSBURGH,12601,34000,34000,34000,PA,0,VACANT LAND,34000,26th Ward - PITTSBURGH
-80.0282902195928,40.4929295735069,0,15214,37400,4,MARGARET BRADY EST PURPT A LOT 297.46XAVG299X27, ,0162N00120000000,94004,37400,PRESTON AVE,RESIDENTIAL,3.28 RR PRESTON AVE                            ,0,309, ,37400,85334,03-08-1988,,PITTSBURGH,94004,37400,2000,37400,PA,0,VACANT LAND,37400,Ross  
-80.0017169137808,40.4719568667211,0,15212,1600,9,3.232 ALD EAST ST RT SIDE LR                   , ,0046D00120000000,WARD 26 - NORTHVIEW HEIGHTS,1600,EAST ST,RESIDENTIAL,1021                                           ,0,2518, ,1600,140699,01-15-2003,,PITTSBURGH,12603,1600,1,1600,PA,0,VACANT LAND,1600,26th Ward - PITTSBURGH
-80.0160229427708,40.4751626968018,0,15214,20000,0,4.875 A LAND MARSHALL RD                       , ,0077J00336000000,WARD 26 - PERRY SOUTH,20000,MARSHALL AVE,RESIDENTIAL,,0,0, ,20000,212355,02-27-1975,,PITTSBURGH,12604,20000,5000,20000,PA,0,VACANT LAND,20000,26th Ward - PITTSBURGH
-79.9463881458566,40.3760308937727,0,15236,132000,U,82.399 ALD PINCHTOWN RD                        , ,0135J00300000000,BALDWIN BOROUGH,132000,LOUISA ST,RESIDENTIAL,,0,0, ,132000,3589301,12-31-1997,,PITTSBURGH,87701,132000,120000,132000,PA,0,VACANT LAND,132000,Baldwin Boro  
-79.9251076170257,40.4175952190051,0,15217,109400,H,1.050 A LAND                                   , ,0088K00011000000,11402,109400,SALINE ST,RESIDENTIAL,1 STY GAL IRON GAR                             ,0,0, ,109400,45738,04-04-2013,,PITTSBURGH,11402,109400,0,109400,PA,0,VACANT LAND,109400,14th Ward - PITTSBURGH
-79.9626226452023,40.4087400556171,0,15210,4450,H,S D HAYS PLAN 77 TO 94 INCL IRREG LOT 492.38X18, ,0031J00075000000,BALDWIN BOROUGH,4450,SOMERSET ST,RESIDENTIAL,8.56X464.71 RR IN ALL SOMERSET ST,0,0, ,4450,160867,06-23-2016,,PITTSBURGH,87701,4450,128974,4450,PA,0,VACANT LAND,4450,Baldwin Boro  
-79.9269589553794,40.3861116730535,0,15207,16200,H,DOERR TERRACE PLAN 310-314 INCL LOT 316.52X165., ,0091P00157000000,13103,16200,SOUTHVIEW AVE,RESIDENTIAL,05X302.81 RR IN ALL SOUTHVIEW AV,0,0, ,16200,51022,08-02-2007,,PITTSBURGH,13103,16200,39250,16200,PA,0,VACANT LAND,16200,31st Ward - PITTSBURGH
-79.967683107156,40.4062046113897,0,15210,33100,H,LOT = 56.78X381.40X1456.53X144.95X261.21X259.51X93.08X1099.7, ,0031J00044000000,BALDWIN BOROUGH,33100,BECKS RUN RD,RESIDENTIAL,,0,0, ,33100,81893,06-23-2016,,PITTSBURGH,87701,33100,128974,33100,PA,0,VACANT LAND,33100,Baldwin Boro  
-80.0042180445067,40.4000960470609,0,15210,2000,H,BAILEY & MOON 2ND PLAN 71-72 LOT 100XAVG225X128.24, ,0061G00310000000,13201,2000,ZIMMERMAN ST,RESIDENTIAL,BAILEY & MOON 2ND PLAN 73 LOT 50XAVG247.5X57.85,0,0, ,2000,123327,12-18-2015,BAILEY & MOON 2ND PLAN 69-70 LOT 110X190.56 IN,PITTSBURGH,13201,2000,17000,2000,PA,0,VACANT LAND,2000,32nd Ward - PITTSBURGH
-79.9249740433332,40.3849397426845,0,15207,20700,H,DOERR TERRACE PLAN 254-264 INCL LOT 674.25X150X, ,0091P00365000000,13103,20700,SOUTHVIEW AVE,RESIDENTIAL,652.77 RR IN ALL SOUTHVIEW AV,0,0, ,20700,99535,08-02-2007,,PITTSBURGH,13103,20700,39250,20700,PA,0,VACANT LAND,20700,31st Ward - PITTSBURGH
-79.9808726390982,40.4019208789458,0,15210,43600,,S VIEW PLACE PLAN 287 296 INCL LOT 441.17X210X5, ,0059A00282000000,12901,43600,THE BOULEVARD ,RESIDENTIAL,94.35 RR IN ALL BLVD                           ,0,0, ,43600,305621,05-05-1950,,PITTSBURGH,12901,43600,0,43600,PA,0,VACANT LAND,43600,29th Ward - PITTSBURGH
-80.0331836899552,40.4236058729229,0,15220,44800,35,ELMER H FINK ETUX SUB DIV PLAN PARCEL A LOT 288, ,0018S00001000000,12004,44800,MCKINNEY LN,RESIDENTIAL,.15X508.43X419.32 (3.815 A LD)                 ,0,0, ,44800,166181,06-11-2018,RR MC KINNEY LN                                ,PITTSBURGH,12004,44800,99000,44800,PA,0,VACANT LAND,44800,20th Ward - PITTSBURGH
-79.9300439523259,40.3846605245221,0,15207,14900,9,DOER TER PLAN 137 TO 146 INC LOT 425XAVG285.05X, ,0134A00326000000,13103,14900,CIRCLE AVE,RESIDENTIAL,716.32 RR IN ALL CIRCLE AV                     ,0,0, ,14900,162479,10-13-1988,,PITTSBURGH,13103,14900,17000,14900,PA,0,VACANT LAND,14900,31st Ward - PITTSBURGH
-79.9229346720826,40.4110704868719,0,15207,10000,3,2.2912 ALD SUGAR HILL                          , ,0089C00325000000,11501,10000,DESDEMONA ST,RESIDENTIAL,,0,0, ,10000,99752,01-02-1998,,PITTSBURGH,11501,10000,1,10000,PA,0,VACANT LAND,10000,15th Ward - PITTSBURGH
-80.0350462249028,40.4175533440386,0,15220,36100,4,JOHN BROWN & WM CARNAHAN FARM PLAN PT 26 TRI LO, ,0017M00025000000,12001,36100,BULFORD AVE,RESIDENTIAL,T 458X170X380 BULFORD ST                       ,0,0, ,36100,71438,09-23-1987,,PITTSBURGH,12001,36100,2500,36100,PA,0,VACANT LAND,36100,20th Ward - PITTSBURGH
-79.979779280713,40.3963263311014,0,15210,15900,H,FISHER PLAN #2 IRREG LOT = (2.088 ALD)         , ,0059N00245000000,12901,15900,MADELINE ST,RESIDENTIAL,FRONTING (259.71 SF) MADELINE ST               ,0,0, ,15900,91040,07-13-2017,,PITTSBURGH,12901,15900,16000,15900,PA,0,VACANT LAND,15900,29th Ward - PITTSBURGH
-79.9276143313891,40.3881156528717,0,15207,5000,H,DOERR TERRACE PLAN 327-335 INCL LOT 599.15X125., ,0091K00272000000,13103,5000,SOUTHVIEW AVE,RESIDENTIAL,11X401.23 RR IN ALL SOUTHVIEW AV-CIRCLE AV,0,0, ,5000,43560,08-24-2016,1 STY FRA HUT,PITTSBURGH,13103,5000,82500,5000,PA,0,VACANT LAND,5000,31st Ward - PITTSBURGH
-79.9091858309321,40.370605006151,0,15207,21200,UR,CALHOUN PARK PLAN 166-167 TRI LOT 512.70X411.99, ,0184F00200000000,13102,21200,LEASIDE DR,RESIDENTIAL,X411.99 RR IN ALL LEASIDE DR                   ,0,0, ,21200,105633,02-17-2011,,PITTSBURGH,13102,21200,20500,21200,PA,0,VACANT LAND,21200,31st Ward - PITTSBURGH
-80.0752581700337,40.4559017144989,0,15204,20700,GV,1.3 A LD SUMMERDALE ST                         , ,0071K00225000000,12802,20700,SUMMERDALE ST,RESIDENTIAL,,0,0, ,20700,56628,10-19-2018,,PITTSBURGH,12802,20700,4422,20700,PA,0,VACANT LAND,20700,28th Ward - PITTSBURGH
-79.9003953969317,40.4825855911459,0,15206,36900,3,8.39 A LD HILLSIDE                             , ,0122S00001000000,11201,36900,HILLSIDE ,RESIDENTIAL,,0,0, ,36900,365468,04-22-2016,,PITTSBURGH,11201,36900,10,36900,PA,0,VACANT LAND,36900,12th Ward - PITTSBURGH
-80.0065564029253,40.4985816756301,0,15237,14000,3,JAMRISKA PLAN, ,0163C00281000000,94004,14000,EVERGREEN RD,RESIDENTIAL,LOT 1 = 639.13 FRONTING WITH 13 BEARINGS,0,0, ,14000,166874,06-07-2004,,PITTSBURGH,94004,14000,1,14000,PA,0,VACANT LAND,14000,Ross  
-79.925612795887,40.4824093581462,0,15206,48300,3,VILLANOVA ROAD PLAN, ,0121P00200000000,11003,48300,HETHS AVE,RESIDENTIAL,LOT 3 = 418.88 FRONTING WITH 8 TOTAL BEARINGS,0,0, ,48300,149411,12-29-1949,,PITTSBURGH,11003,48300,0,48300,PA,0,VACANT LAND,48300,10th Ward - PITTSBURGH
-80.0407520185612,40.4332466909147,0,15220,33500,3,4.5 A SURF LD WITTMAN COR KEARNS RD            , ,0018C00001000000,12002,33500,WITTMAN ST,RESIDENTIAL,LOT 50X65 THIRTY FT ST                         ,0,325, ,33500,196020,01-28-2004,,PITTSBURGH,12002,33500,1,33500,PA,0,VACANT LAND,33500,20th Ward - PITTSBURGH
-79.9044677627458,40.4227694025666,0,15218,1100,H,YE OLDE SWISSVALE FARME 1ST ADDN PLAN PT 14 LOT, ,0129C00200000000,11403,1100,COMMERCIAL ST,RESIDENTIAL, 344.24XAVG250.51X433.96 COMMERCIAL ST         ,0,0, ,1100,97470,03-08-1982,,PITTSBURGH,11403,1100,50000,1100,PA,0,VACANT LAND,1100,14th Ward - PITTSBURGH
-80.004718019648,40.4018109650062,0,15226,65600,3,BAILEY & MOON PLAN #21 TO #25 INCL LOT =       , ,0061C00024000000,11901,65600,ABSTRACT AVE,RESIDENTIAL,192.47X125X260 IN ALL ABSTRACT AVE             ,0,0, ,65600,204253,12-29-1949,,PITTSBURGH,11901,65600,0,65600,PA,0,VACANT LAND,65600,19th Ward - PITTSBURGH
-80.0023328932462,40.4826601900926,0,15214,42600,9,LOT 180.67XAVG483.45 MT PLEASANT RD            , ,0116S00092000000,93701,42600,MOUNT PLEASANT RD,RESIDENTIAL,,0,0, ,42600,87342,07-01-1976,,PITTSBURGH,93701,42600,0,42600,PA,0,VACANT LAND,42600,Reserve  
-80.0228875117311,40.4198581279621,0,15216,35500,9,REVISED NEW WORLD PLAN PARCEL 'A' = 344.32     , ,0016G00091000000,11902,35500,LOWENHILL ST,RESIDENTIAL,X180.96X342.39 (OR 1.48 ALD) REAR              ,0,0, ,35500,64469,02-23-2002,LOWEN HILL ST                                  ,PITTSBURGH,11902,35500,32500,35500,PA,0,VACANT LAND,35500,19th Ward - PITTSBURGH
-79.9880113157584,40.475431873202,0,15212,17700,9,"PETER,RICHNERS PLAN PT 6 LOT 150.65X1VG297X155.", ,0078L00190000000,WARD 26 - NORTHVIEW HEIGHTS,17700,SPRING GARDEN AVE,RESIDENTIAL,78 RR TROY HILL RD                             ,0,0, ,17700,45520,06-23-1980,,PITTSBURGH,12603,17700,3500,17700,PA,0,VACANT LAND,17700,26th Ward - PITTSBURGH
-80.0081088302573,40.3991466764815,0,15226,14900,H,GARLAND TERRACE 3RD PLAN UN # PARCEL A LOT 627., ,0061K00110000000,11903,14900,EDGEBROOK AVE,RESIDENTIAL,33XAVG302.27X615.25 EDGEBROOK AVE,0,0, ,14900,188179,12-18-2015,,PITTSBURGH,11903,14900,17000,14900,PA,0,VACANT LAND,14900,19th Ward - PITTSBURGH
-79.9325701657763,40.4833550643619,0,15201,92400,3,14.455 A LD REAR OF STANTON AV FROM OLD LANE TO, ,0121N00190000000,11003,92400,FARMINGTON ST,RESIDENTIAL, JAMAICA WAY                                   ,0,4700, ,92400,629660,04-22-1952,,PITTSBURGH,11003,92400,0,92400,PA,0,VACANT LAND,92400,10th Ward - PITTSBURGH
-79.9927205627711,40.4738959826235,0,15212,34500,3,CITY VIEW PLAN 3.75 A LD WILLIAMS RD, ,0078P00200000000,93702,34500,WILLIAMS RD,RESIDENTIAL,,0,0, ,34500,163350,12-19-2002,,PITTSBURGH,93702,34500,1,34500,PA,0,VACANT LAND,34500,Reserve  
-79.9366626188575,40.3851678852567,0,15236,30300,H,J H HAYS PARTN EST PLAN PT PURPT 16 LOT 50XAVG7, ,0092R00052000000,BALDWIN BOROUGH,30300,CHURCHVIEW AVE,RESIDENTIAL,08.04X95.76 RR CHURCHVIEW AVE,0,0, ,30300,51706,10-09-2003,,PITTSBURGH,87701,30300,37000,30300,PA,0,VACANT LAND,30300,Baldwin Boro  
-79.9847791538671,40.4053027812739,0,15210,21800,N,AUGUST HEIDKAMP PLAN 29 TO 39 INCL LOT 374.33X1, ,0033S00177000000,12901,21800,LAUGHLIN AVE,RESIDENTIAL,87.46X350 RR IN ALL LAUGHLIN AVE               ,0,0, ,21800,67888,12-29-1949,,PITTSBURGH,12901,21800,0,21800,PA,0,VACANT LAND,21800,29th Ward - PITTSBURGH
-80.0070063011778,40.4605644433774,0,15212,54000,3,ALLEGHENY DWELLINGS PLAN OF LOTS, - 1809,0023C00012000000,WARD 25,54000,BELLEAU DR,RESIDENTIAL,LOT 1 = 193.81X31.19X223.59X52X97.05X61.37X46.63X89.51,0,1704, ,54000,410854,05-05-1950,ALLEGHENY DWELLINGS PLAN OF LOTS,PITTSBURGH,12502,54000,0,54000,PA,0,VACANT LAND,54000,25th Ward - PITTSBURGH
-79.8858374779221,40.4616515540454,0,15235,2200,9,BLACKADORE PLACE PLAN #362-LOT 25X100 WOOD ST, ,0174D00325000000,PENN HILLS TOWNSHIP,2200,WOODS RD,RESIDENTIAL,BLACKADORE PLACE PLAN #363-LOT 25X100 WOOD ST,0,0, ,2200,96703,09-08-1983,BLACKADORE PLACE PLAN #364-LOT 25X100 WOOD ST,PITTSBURGH,93406,2200,0,2200,PA,0,VACANT LAND,2200,Penn Hills  
-79.9260660263894,40.3874953047255,0,15207,16700,H,DOERR TERRACE PLAN 91 TO 96 INCL LOT 434.54X150, ,0091K00113000000,13103,16700,RING ST,RESIDENTIAL,.04X320.20 RR IN ALL RING ST,0,0, ,16700,56628,08-02-2007,,PITTSBURGH,13103,16700,39250,16700,PA,0,VACANT LAND,16700,31st Ward - PITTSBURGH
-79.9618028714283,40.4081668788407,0,15210,49400,H,S D HAYS PLAN 103 TO 133 INCL LOT 915.88X140X70, ,0031K00035000000,BALDWIN BOROUGH,49400,OMERT ST,RESIDENTIAL,3.32 RR IN ALL OMERT ST,0,0, ,49400,386072,06-23-2016,,PITTSBURGH,87701,49400,128974,49400,PA,0,VACANT LAND,49400,Baldwin Boro  
-80.0366919627554,40.4175633211609,0,15220,34200,36,1.175 ALD CRANE AVE, ,0017M00040000000,12001,34200,CRANE AVE,RESIDENTIAL,,0,0, ,34200,51183,09-08-2017,,PITTSBURGH,12001,34200,13500,34200,PA,0,VACANT LAND,34200,20th Ward - PITTSBURGH
-80.0239347189312,40.424263300408,0,15216,20500,4,LOT 335.11 X 168.68 X 307.34 REAR              , ,0005R00025000000,12002,20500,TROPICAL AVE,RESIDENTIAL, OF SHADYCREST RD                              ,0,843, ,20500,54450,10-29-1990,,PITTSBURGH,12002,20500,12000,20500,PA,0,VACANT LAND,20500,20th Ward - PITTSBURGH
-79.9042185864208,40.3643853118316,0,15207,18800,0,GRAZIANO PLAN #1 IRREG LOT= 193.59X441.03X     , ,0243C00330000000,13102,18800,CENTURY AVE,RESIDENTIAL,138.66 (1.8148 A LD) CENTURY AVE RR NOLLHILL ST,0,0, ,18800,79053,11-29-1988,"GRAZIANO PLAN #2 LOT= 75X137 (OR 10,057 S F)   ",PITTSBURGH,13102,18800,25000,18800,PA,0,VACANT LAND,18800,31st Ward - PITTSBURGH
-79.9257627027147,40.3835806367985,0,15207,17000,H,DOERR TERRACE PLAN 163-171 INCL LOT 540XAVGI10., ,0134B00176000000,13103,17000,CIRCLE AVE,RESIDENTIAL,85 IN ALL CIRCLE,0,0, ,17000,59677,08-02-2007,,PITTSBURGH,13103,17000,39250,17000,PA,0,VACANT LAND,17000,31st Ward - PITTSBURGH
-79.9724481636349,40.4039147793519,0,15210,16800,0,SANDRA PLAN 4, ,0059C00065000000,BALDWIN BOROUGH,16800,PENN ST,RESIDENTIAL,LOT 1R = 23.09 X 672.74 X 126.79 X 691.80 X 401.95 X 9.05,0,0, ,16800,183784,03-03-2005,,PITTSBURGH,87701,16800,16000,16800,PA,0,VACANT LAND,16800,Baldwin Boro  
-80.0357775784303,40.4244410139903,0,15220,33600,H,ELMER H FINK ETUX SUB DIV PLAN PARCEL F LOT 100, ,0018S00004000000,12004,33600,MCKINNEY LN,RESIDENTIAL,X440.99 MC KINNEY LANE (1.017 A)               ,0,0, ,33600,43996,06-11-2018,,PITTSBURGH,12004,33600,1259000,33600,PA,0,VACANT LAND,33600,20th Ward - PITTSBURGH
-80.0483377040403,40.4862356528264,0,15202,16500,H,1.006 A LAND JACKS RUN RD                      , ,0114J00265000000,WARD 27,16500,FARRAGUT AVE,RESIDENTIAL,,0,82, ,16500,43562,07-13-2011,,PITTSBURGH,12701,16500,91970,16500,PA,0,VACANT LAND,16500,27th Ward - PITTSBURGH
-79.9007935568953,40.4728625933746,0,15206,17500,GV,1 ACRE LD LEMINGTON AV BET WASHINGTON BLVD & CO, ,0123S00069000000,11201,17500,LEMINGTON AVE,RESIDENTIAL,LON,0,6930, ,17500,43560,02-04-2015,2 STY BRK HSE 6900,PITTSBURGH,11201,17500,9729,17500,PA,0,VACANT LAND,17500,12th Ward - PITTSBURGH
-79.9188316173781,40.4170699381514,0,15217,166700,,SUMMERSET AT FRICK PARK REVISION NO 24, ,0088M00200000000,11401,166700,PARKVIEW BLVD,RESIDENTIAL,PARK AREA = 396.33 FRONTING WITH 16 BEARINGS,0,0, ,166700,88333,,,PITTSBURGH,11401,166700,,166700,PA,0,VACANT LAND,166700,14th Ward - PITTSBURGH
-80.041472753021,40.4319574125737,0,15220,38300,3,2ND REVISED OAKBROOK PLAN IRREG, ,0018B00155000000,12802,38300,OAK BROOK CIR,RESIDENTIAL,LOT 133 = 55X131.20X79.99 (1.3244ALD),0,0, ,38300,75478,07-10-1997,2ND REVISED OAKBROOK PLAN PARCEL C,PITTSBURGH,12802,38300,1,38300,PA,0,VACANT LAND,38300,28th Ward - PITTSBURGH
-80.0392809072028,40.4168567659395,0,15220,44400,0,DALELAND WOOD 1ST PLAN PARCEL A 3.725 A LD CRAN, ,0017L00068000000,12001,44400,CRANE AVE,RESIDENTIAL,E AVE NR ELM SPRING DR                         ,0,0, ,44400,162261,03-15-1988,,PITTSBURGH,12001,44400,20000,44400,PA,0,VACANT LAND,44400,20th Ward - PITTSBURGH
-80.082248641766,40.4587146854794,0,15204,36500,2,WINDGAP VILLAGE 2ND REV PLAN IRREG LOT 517.89XA, ,0071E00400000000,12802,36500,MAYFAIR ST,RESIDENTIAL,VG843.21X 100 MAYFAIR ST                       ,0,0, ,36500,260489,09-12-2012,,PITTSBURGH,12802,36500,28188,36500,PA,0,VACANT LAND,36500,28th Ward - PITTSBURGH
-80.0153523286973,40.3970584367589,0,15226,1000,3,W C STILLWAGON PLAN BLK M & N 1.92 A LD EDGEWOO, ,0061J00088000000,11903,1000,EDGEBROOK AVE,RESIDENTIAL,D AV                                           ,0,0, ,1000,83635,10-12-1979,,PITTSBURGH,11903,1000,1,1000,PA,0,VACANT LAND,1000,19th Ward - PITTSBURGH
-79.9248059732764,40.385571480294,0,15207,18200,H,DOERR TERRACE PLAN 265-272 INCL LOT 469.20X150X, ,0091P00331000000,13103,18200,SOUTHVIEW AVE,RESIDENTIAL,490.68 RR IN ALL SOUTHVIEW AV,0,0, ,18200,72005,08-02-2007,,PITTSBURGH,13103,18200,39250,18200,PA,0,VACANT LAND,18200,31st Ward - PITTSBURGH
-80.046373747781,40.449386078991,0,15220,3000,H,1A IRREG LOT 20.42X751.03X683.41 FRONTING CHART, ,0020E00280000000,12003,3000,CHARTIERS AVE,RESIDENTIAL,IERS AVE (3.42ALD)                             ,0,0, ,3000,148975,06-25-2013,,PITTSBURGH,12003,3000,1,3000,PA,0,VACANT LAND,3000,20th Ward - PITTSBURGH
-79.9279140976086,40.3751848073933,0,15207,21200,0,LAVILLE 1ST PLAN 101 LOT 102.92XAVG490.05      , ,0134P00165000000,13103,21200,LAVILLE AVE,RESIDENTIAL,X324.52 LA VILLE AVE (PVT)                     ,0,0, ,21200,104718,11-28-1978,,PITTSBURGH,13103,21200,5600,21200,PA,0,VACANT LAND,21200,31st Ward - PITTSBURGH
-80.006864048234,40.39946180335,0,15210,27100,2,J B ZIMMERMAN SUB DIV-BAILEY & MOON 1ST PLAN 5-, ,0061G00275000000,13201,27100,ZIMMERMAN ST,RESIDENTIAL,6-7-8-9 LOT 206.43XAVG209.87X264.63 RR IN ALL Z,0,0, ,27100,49223,07-11-2002,N ST,PITTSBURGH,13201,27100,3686,27100,PA,0,VACANT LAND,27100,32nd Ward - PITTSBURGH
-80.0424431460556,40.4113116615058,0,15220,20300,36,FREDLAND PLAN OF LOTS REVISION 4, ,0036B00094000000,12001,20300,CARNAHAN RD,RESIDENTIAL,PT LOT 3-R = 399.99X317.17X536.73X326.26,0,1319, ,20300,144693,03-09-2016,,PITTSBURGH,12001,20300,3000,20300,PA,0,VACANT LAND,20300,20th Ward - PITTSBURGH
-80.0741055258517,40.4556885270752,0,15204,24500,N,SUMMERDALE 1ST PLAN PARCEL A IRREG LOT 32XAVG44, ,0071L00084000000,12802,24500,SUMMERDALE ST,RESIDENTIAL,7.65X172.95 OR 2.237 AC MIDDLETOWN RD          ,0,0, ,24500,97444,01-19-1971,,PITTSBURGH,12802,24500,0,24500,PA,0,VACANT LAND,24500,28th Ward - PITTSBURGH
-79.9897232841029,40.3832908387085,0,15227,2000,GV,SUNNYLAND MANOR REV 2ND PLAN, ,0138C00400000000,13203,2000,SUNNYLAND AVE,RESIDENTIAL,PT PARCL A=140.29X195X104.2X320.77X120X144X100.22X140.26X250,0,0, ,2000,86371,08-14-2015,PT PARCEL A = 140.66X50.24X140.66X50.24,PITTSBURGH,13203,2000,14355,2000,PA,0,VACANT LAND,2000,32nd Ward - PITTSBURGH
-79.9707629691516,40.412408072676,0,15210,20500,GV,DONALD J EISEL PLAN PT #3 IRREG LOT 792.55     , ,0032D00265000000,11603,20500,PARKWOOD RD,RESIDENTIAL,X100.23X584.98 PARKWOOD RD RR EADS ST          ,0,917, ,20500,119790,08-19-2016,,PITTSBURGH,11603,20500,18704,20500,PA,0,VACANT LAND,20500,16th Ward - PITTSBURGH
-79.9128772055587,40.425000103421,0,15217,112600,H,SUMMERSET AT FRICK PARK REVISION NO 23, ,0128N00108000000,11403,112600,SUMMERSET DR,RESIDENTIAL,PARCEL 8-REV 2 = 360.65 FRONTING WITH 38 TOTAL BEARINGS,0,0, ,112600,114402,09-27-2011,,PITTSBURGH,11403,112600,1,112600,PA,0,VACANT LAND,112600,14th Ward - PITTSBURGH
-80.0735574293643,40.4511046802836,0,15204,30900,GV,PARCEL A 3.83 A LD KATHY DR                    , ,0070C00330000000,12802,30900,KATHY DR,RESIDENTIAL,PT.VAC.ARBORDALE ST LOT 30XAVG.24.25X 31 WINDGA,0,0, ,30900,167575,04-29-2016,P RD                                           ,PITTSBURGH,12802,30900,32569,30900,PA,0,VACANT LAND,30900,28th Ward - PITTSBURGH
-79.9880129621494,40.4683237832661,0,15212,18900,9,IRREG LOT 216.82X505X315.25 FALL ST            , ,0047G00250000000,WARD 26 - NORTHVIEW HEIGHTS,18900,FALL ST,RESIDENTIAL,,0,0, ,18900,134165,08-29-2002,,PITTSBURGH,12603,18900,2650,18900,PA,0,VACANT LAND,18900,26th Ward - PITTSBURGH
-79.9302584079004,40.3859449899141,0,15207,700,9,DOERR TER PLAN 131-134 INCL LOT 200XAVG312.96 I, ,0091N00250000000,13103,700,CIRCLE AVE,RESIDENTIAL,N ALL CIRCLE AVE                               ,0,0, ,700,62726,10-13-1988,,PITTSBURGH,13103,700,1700,700,PA,0,VACANT LAND,700,31st Ward - PITTSBURGH
-80.071877546927,40.4542952201302,0,15204,6000,3,3.402 A LD MIDDLETOWN RD                       , ,0071R00222000000,12002,6000,MIDDLETOWN RD,RESIDENTIAL,,0,0, ,6000,118919,09-27-2002,,PITTSBURGH,12002,6000,0,6000,PA,0,VACANT LAND,6000,20th Ward - PITTSBURGH
-79.8847569162227,40.4558032988591,0,15208,8200,9,LOT 147XAVG133X208 RR FRANKSTOWN AVE           , ,0174M00376000000,11303,8200,FRANKSTOWN AVE,RESIDENTIAL,LOT 208.66XAVG147.03X100 RR TYSON COR MOEHLER  ,0,0, ,8200,50878,02-07-1984,,PITTSBURGH,11303,8200,0,8200,PA,0,VACANT LAND,8200,13th Ward - PITTSBURGH
-80.0298258243916,40.490478222766,0,15212,29900,2,FESTORIA PLACE PLAN 59 TO 68 INC IRREG LOT 256., ,0115A00188000000,WARD 27,29900,FLORA ST,RESIDENTIAL,94X120.87X249.59 IN ALL FLORA ST,0,0, ,29900,47655,07-11-2002,,PITTSBURGH,12701,29900,2588,29900,PA,0,VACANT LAND,29900,27th Ward - PITTSBURGH
-79.9965864390968,40.4620044792275,0,15212,23500,21,1.5 A LD QUEEN ST, ,0024A00192000000,WARD 24 - SPRING GARDEN,23500,QUEEN ST,RESIDENTIAL,,0,0, ,23500,65340,06-25-2004,,PITTSBURGH,12402,23500,1981,23500,PA,0,VACANT LAND,23500,24th Ward - PITTSBURGH
-79.986907954285,40.4743377662425,0,15212,25700,,PLAN 1 TO 6 INCL IRREG TRI LOT 361.46X 173.03X4, ,0078S00220000000,93702,25700,MOUNT TROY RD,RESIDENTIAL,17.24 IN ALL MT TROY RD                        ,0,0, ,25700,67518,05-05-1950,,PITTSBURGH,93702,25700,0,25700,PA,0,VACANT LAND,25700,Reserve  
-79.9943290948251,40.4739666523524,0,15212,18600,N,6 A LD WILLIAMS RD                             , ,0078K00300000000,93702,18600,WILLIAMS RD,RESIDENTIAL,,0,0, ,18600,261360,01-16-1962,,PITTSBURGH,93702,18600,0,18600,PA,0,VACANT LAND,18600,Reserve  
-80.0318528614608,40.4188581357111,0,15216,35800,UR,LOT 295.51X245.10 RR BANKSVILLE RD OR (1.7 A LD, ,0016E00010000000,12001,35800,BANKSVILLE RD,RESIDENTIAL,)                                              ,0,1076, ,35800,68603,10-16-2009,,PITTSBURGH,12001,35800,35000,35800,PA,0,VACANT LAND,35800,20th Ward - PITTSBURGH
-80.0470675506376,40.4434144912516,0,15220,5000,H,PT OF OBEY FARM PT PURPT 1.10 A LD RINGGOLD ST, ,0020N00100000000,12802,5000,RINGGOLD ST,RESIDENTIAL,,0,0, ,5000,48526,12-16-2002,,PITTSBURGH,12802,5000,90000,5000,PA,0,VACANT LAND,5000,28th Ward - PITTSBURGH
-79.9257797986738,40.3756741808656,0,15207,28100,3,4.135 A LD                                     , ,0134P00200000000,13103,28100,LEBANON RD,RESIDENTIAL,,0,0, ,28100,180121,07-13-1977,,PITTSBURGH,13103,28100,1,28100,PA,0,VACANT LAND,28100,31st Ward - PITTSBURGH
-79.9219762140851,40.3718956739465,0,15207,55500,3,LOT = 243.16 X 47.93 X 464.96 45.00 284.69 X 240.00, ,0185G00001000000,13102,55500,MIFFLIN RD,RESIDENTIAL,X 239.92 X 170.12 X 670.04 X 425.96 X 100.00 X 137.69,0,0, ,55500,566280,09-18-2018,X 79.04 X 25.52 X 330.15,PITTSBURGH,13102,55500,1,55500,PA,0,VACANT LAND,55500,31st Ward - PITTSBURGH
-79.9816565155973,40.4401673924267,0,15219,240000,9,DINWIDDIE STREET HOUSING PHASE III PLAN OF LOTS, ,0011E00350000000,CRAWFORD - ROBERTS,240000,REED ST,RESIDENTIAL,PARCEL A = 440.70 FRONTING WITH 12 TOTAL BEARINGS,0,0, ,240000,138869,05-16-2012,,PITTSBURGH,10301,240000,2474746,240000,PA,0,VACANT LAND,240000,3rd Ward - PITTSBURGH
-79.9781286111235,40.4031901893884,0,15210,23800,N,SUNNYSIDE PLAN 650 2.4137 A LD STEEP SLOPE BECK, ,0059B00030000000,12901,23800,BECKS RUN RD,RESIDENTIAL,S RUN RD                                       ,0,0, ,23800,91220,01-06-1948,,PITTSBURGH,12901,23800,0,23800,PA,0,VACANT LAND,23800,29th Ward - PITTSBURGH
-80.0331081721263,40.4214942462025,0,15220,52000,2,LOT 80X128 MC KINNEY RD (.236 A)               , ,0017H00001000000,12004,52000,MCKINNEY LN,RESIDENTIAL,LOT 40X128 MC KINNEY RD (.1109 A)              ,0,0, ,52000,322949,10-06-2009,7.067 A LD BANKSVILLE RD                       ,PITTSBURGH,12004,52000,3467,52000,PA,0,VACANT LAND,52000,20th Ward - PITTSBURGH
-80.0041653123022,40.3819224922847,0,15226,32900,14,3.331 A LD DIPPEN AVE EXTN                     , ,0139G00125000000,BALDWIN TOWNSHIP,32900,DIPPEN AVE,RESIDENTIAL,,0,0, ,32900,145098,08-28-2019,,PITTSBURGH,90209,32900,76000,32900,PA,0,VACANT LAND,32900,Baldwin Twp  
-79.9347140480478,40.377011612814,0,15207,51200,H,LA VILLE PLAN NO 1, ,0135S00100000000,13103,51200,LAVILLE AVE,RESIDENTIAL,PARCEL B = 560 FRONTING WITH 15 TOTAL BEARINGS,0,0, ,51200,1075496,05-25-2017,,PITTSBURGH,13103,51200,105000,51200,PA,0,VACANT LAND,51200,31st Ward - PITTSBURGH
-79.9219499111205,40.4176210310455,0,15217,284500,,SUMMERSET AT FRICK PARK REVISION NO 24, ,0088L00150000000,11401,284500,BEECHWOOD BLVD,RESIDENTIAL,PARCEL 14 REV 2 = 321.25 FRONTING WITH 38 BEARINGS,0,0, ,284500,456522,,,PITTSBURGH,11401,284500,,284500,PA,0,VACANT LAND,284500,14th Ward - PITTSBURGH
-79.9357975624184,40.4747872776666,0,15201,29300,H,STANTON HEIGHTS MANOR 3RD PLAN, ,0081S00075000000,11002,29300,SCHENLEY MANOR DR,RESIDENTIAL,LOT 321 = 52.91X199.14X26.59X55.69X184.54,0,0, ,29300,73094,07-14-2016,STANTON HEIGHTS MANOR 3RD PLAN,PITTSBURGH,11002,29300,90000,29300,PA,0,VACANT LAND,29300,10th Ward - PITTSBURGH
-79.9884861891129,40.4721556825037,0,15212,18500,N,1 1/4 ACRE LAND JENNERS NR LOPELLA             , ,0078R00235000000,WARD 26 - NORTHVIEW HEIGHTS,18500,LOPELLA ST,RESIDENTIAL,,0,0, ,18500,54450,04-11-1963,,PITTSBURGH,12603,18500,0,18500,PA,0,VACANT LAND,18500,26th Ward - PITTSBURGH
-80.0138420822569,40.4941982528979,0,15214,27400,H,1.96 ALD MONTANA ST, ,0163J00219000000,WARD 26 - PERRY NORTH,27400,MONTANA ST,RESIDENTIAL,,0,0, ,27400,85378,10-31-2003,,PITTSBURGH,12602,27400,17914,27400,PA,0,VACANT LAND,27400,26th Ward - PITTSBURGH
-79.9794199165753,40.3933139555151,0,15210,22800,21,1.81 A LD BECKS RUN RD, ,0094A00226000000,12901,22800,BECKS RUN RD,RESIDENTIAL,,0,0, ,22800,78844,03-12-2007,,PITTSBURGH,12901,22800,15000,22800,PA,0,VACANT LAND,22800,29th Ward - PITTSBURGH
-80.0481724653063,40.438788087015,0,15220,5000,GV,NEVIN PL PLAN 58-75 INCL LOT 453.5X105 IN ALL N, ,0019E00170000000,12802,5000,NEVA ST,RESIDENTIAL,EVA ST                                         ,0,0, ,5000,47611,10-19-2018,,PITTSBURGH,12802,5000,19251,5000,PA,0,VACANT LAND,5000,28th Ward - PITTSBURGH
-80.0251528750792,40.4864644428003,0,15214,25200,0,.508 ALD OAKDALE ST                            , ,0115K00050000000,WARD 26 - PERRY NORTH,25200,OAKDALE ST,RESIDENTIAL,,0,0, ,25200,61681,08-02-1979,,PITTSBURGH,12602,25200,5000,25200,PA,0,VACANT LAND,25200,26th Ward - PITTSBURGH
-80.0679516890051,40.4301355265338,0,15205,42100,9,OAKWOOD MANOR PLAN (PARCEL A) IRREG LOT 254.28X, ,0068H00088000000,12801,42100,LONGFORD ST,RESIDENTIAL,379.43X511.35 RR LONGFORD ST (4.905 A LD)      ,0,0, ,42100,213444,10-01-1999,,PITTSBURGH,12801,42100,30000,42100,PA,0,VACANT LAND,42100,28th Ward - PITTSBURGH
-79.9040643455435,40.369204014156,0,15207,42000,0,8.5 ACRES LD CENTURY ST                        , ,0184L00180000000,13102,42000,CENTURY AVE,RESIDENTIAL,,0,0, ,42000,370260,12-08-1982,,PITTSBURGH,13102,42000,6000,42000,PA,0,VACANT LAND,42000,31st Ward - PITTSBURGH
-79.9282815468508,40.3868147126944,0,15207,5000,H,DOERR TERRACE PLAN 223-232 INCL LOT 590XAVG170., ,0091P00030000000,13103,5000,W CIRCLE AVE,RESIDENTIAL,37X650.72 RR IN ALL BOROVIEW AV,0,421, ,5000,97836,08-24-2016,,PITTSBURGH,13103,5000,82500,5000,PA,0,VACANT LAND,5000,31st Ward - PITTSBURGH
-79.9890421169175,40.4729124506987,0,15212,17600,GV,LOT 250XAVG165.66 MUTZIG ST                    , ,0078R00245000000,WARD 26 - NORTHVIEW HEIGHTS,17600,SCHUBERT ST,RESIDENTIAL,,0,0, ,17600,44431,09-22-2015,,PITTSBURGH,12603,17600,8484,17600,PA,0,VACANT LAND,17600,26th Ward - PITTSBURGH
-79.9780365059661,40.4051467054909,0,15210,31000,3,6.5 A LD WAGNER ST, ,0032P00050000000,11603,31000,WAGNER ST,RESIDENTIAL,,0,0, ,31000,283140,05-01-2006,,PITTSBURGH,11603,31000,0,31000,PA,0,VACANT LAND,31000,16th Ward - PITTSBURGH
-80.0591716636437,40.4273187021149,0,15220,35700,,PT VAC PERRINE ST LOT 25X275 DEAD END HALL ST  , ,0039K00500000000,12801,35700,HALL AVE,RESIDENTIAL,PT VAC EMBLEN ST LOT 25X420 BALDWICK RD        ,0,0, ,35700,143748,05-05-1950,VAC EDMONDSON ST LOT 50X1065 TO CITY LINE      ,PITTSBURGH,12801,35700,0,35700,PA,0,VACANT LAND,35700,28th Ward - PITTSBURGH
-79.9288571108683,40.3896997577574,0,15207,16100,9,DOERR TER PLAN 77-81 INCL LOT 308.04XAVG164X294, ,0091E00195000000,13103,16100,CANYON ST,RESIDENTIAL, RR IN ALL CANYON ST                           ,0,0, ,16100,49223,09-01-1977,,PITTSBURGH,13103,16100,5000,16100,PA,0,VACANT LAND,16100,31st Ward - PITTSBURGH
-79.9264264413421,40.4817331319012,0,15206,39500,3,VILLANOVA ROAD PLAN, ,0082B00125000000,11003,39500,HETHS AVE,RESIDENTIAL,LOT 2 = 351.49 X 203.79 X 183.63 X 291.67,0,0, ,39500,54014,12-30-1948,,PITTSBURGH,11003,39500,0,39500,PA,0,VACANT LAND,39500,10th Ward - PITTSBURGH
-80.0716493152074,40.4487953328777,0,15205,27700,H,3.04 A LD WINDGAP RD                           , ,0070G00250000000,12802,27700,WINDGAP AVE,RESIDENTIAL,,0,0, ,27700,132422,03-31-2016,,PITTSBURGH,12802,27700,1,27700,PA,0,VACANT LAND,27700,28th Ward - PITTSBURGH
-79.930023958718,40.3748392614179,0,15207,16500,H,LA VILLE 1ST PLAN 103 IRREG TRI LOT =          , ,0134N00095000000,13103,16500,LAVILLE AVE,RESIDENTIAL,510.19X231.51X562.83 (1.24 ALD)                ,0,0, ,16500,53579,05-25-2017,LA VILLE AVE                                   ,PITTSBURGH,13103,16500,36500,16500,PA,0,VACANT LAND,16500,31st Ward - PITTSBURGH
-79.9806092346532,40.3987206375433,0,15210,13100,9,CRAILO PLAN 192-193 IRREG LOT 182.01X149.71X350, ,0059J00020000000,12901,13100,ADALIA ST,RESIDENTIAL, RR IN ALL ADALIA ST                           ,0,0, ,13100,60418,04-14-1986,2 STY FRA HSE 345                              ,PITTSBURGH,12901,13100,14000,13100,PA,0,VACANT LAND,13100,29th Ward - PITTSBURGH
-80.0280728461019,40.4801823393383,0,15212,40700,3,6.114 A LD WOODS RUN AVE                       , ,0076B00215000000,WARD 27 - MARSHALL - SHADELAND,40700,WOODS RUN AVE,RESIDENTIAL,,0,0, ,40700,266326,12-13-1979,,PITTSBURGH,12703,40700,1,40700,PA,0,VACANT LAND,40700,27th Ward - PITTSBURGH
-80.0582513185349,40.4300324264771,0,15205,13000,9,NOBLE MANOR REV PLAN 6 IRREG LOT 440.74X238.49X, ,0039F00340000000,12801,13000,BRETT ST,RESIDENTIAL,148 HALL AVE (1.63 A)                          ,0,1860, ,13000,71003,03-05-1999,,PITTSBURGH,12801,13000,660000,13000,PA,0,VACANT LAND,13000,28th Ward - PITTSBURGH
-79.9276543232484,40.3871897316082,0,15207,5000,H,DOERR TERRACE PLAN 315 TO 326 INC LOT 718.25XAV, ,0091K00277000000,13103,5000,W CIRCLE AVE,RESIDENTIAL,G132.7X651.79 RR IN ALL GRANDVIEW AV,0,421, ,5000,91040,08-24-2016,,PITTSBURGH,13103,5000,82500,5000,PA,0,VACANT LAND,5000,31st Ward - PITTSBURGH
-80.0457158853637,40.4557809495052,0,15204,12500,GV,LOT 175X385 NAPLES ST (1.483A)                 , ,0021J00223000000,12003,12500,NAPLES AVE,RESIDENTIAL,,0,0, ,12500,64599,08-17-2018,,PITTSBURGH,12003,12500,2235,12500,PA,0,VACANT LAND,12500,20th Ward - PITTSBURGH
-79.9990034745297,40.4712796328904,0,15212,7500,4,1 7<8 A LAND NORRIS AV                         , ,0047A00002000000,WARD 26 - NORTHVIEW HEIGHTS,7500,NORSIS DR,RESIDENTIAL,,0,0, ,7500,81893,10-22-1980,,PITTSBURGH,12603,7500,1500,7500,PA,0,VACANT LAND,7500,26th Ward - PITTSBURGH
-79.9415016197435,40.3759693347835,0,15207,27500,N,4 A LAND NR BALDWIN RD                         , ,0135P00010000000,13103,27500,BALDWIN RD,RESIDENTIAL,,0,0, ,27500,174240,10-26-1978,,PITTSBURGH,13103,27500,0,27500,PA,0,VACANT LAND,27500,31st Ward - PITTSBURGH
-79.9711156870084,40.4045075756321,0,15210,23400,N,LOT = 668.07X177.15X780.82X444.50X161.50, ,0032R00200000000,BALDWIN BOROUGH,23400,BECKS RUN RD,RESIDENTIAL,,0,0, ,23400,339999,05-28-1997,,PITTSBURGH,87701,23400,8005,23400,PA,0,VACANT LAND,23400,Baldwin Boro  
-79.9272063916918,40.3854111242628,0,15207,18200,H,DOERR TERRACE PLAN 282-289 INCL LOT 514.22X150X, ,0091P00234000000,13103,18200,HOMERIDGE DR,RESIDENTIAL,447.44 RR IN ALL SOUTHVIEW AV,0,0, ,18200,72135,08-02-2007,,PITTSBURGH,13103,18200,39250,18200,PA,0,VACANT LAND,18200,31st Ward - PITTSBURGH
-79.9297296796406,40.3896921561554,0,15207,15700,9,DOERR TER PLAN 73-76 INCL LOT 200XAVG215.84X213, ,0091E00187000000,13103,15700,CANYON ST,RESIDENTIAL,.87 RR IN ALL CANYON ST                        ,0,0, ,15700,44867,07-13-1993,,PITTSBURGH,13103,15700,2380,15700,PA,0,VACANT LAND,15700,31st Ward - PITTSBURGH
-79.9306602688122,40.3876660036188,0,15207,26700,N,DOERR TERRACE PLAN 52 TO 61 INCL LOT 602.96XAVG, ,0091J00247000000,13103,26700,HIGHLAND AVE,RESIDENTIAL,298.83 X501.10 RR IN ALL HIGHLAND AVE          ,0,0, ,26700,165092,07-03-1958,,PITTSBURGH,13103,26700,0,26700,PA,0,VACANT LAND,26700,31st Ward - PITTSBURGH
-79.9176256848814,40.4170231848866,0,15217,300000,,SUMMERSET AT FRICK PARK REVISION NO 24, ,0088H00161000000,11401,300000,OLD BROWNS HILL RD,RESIDENTIAL,PARCEL 2 - REV 5 = 475.96 FRONTING WITH 37 BEARINGS,0,0, ,300000,626776,,,PITTSBURGH,11401,300000,,300000,PA,0,VACANT LAND,300000,14th Ward - PITTSBURGH
-79.9662562373837,40.4122117132574,0,15210,5000,3,5 A LAND PARKWOOD RD                           , ,0032D00280000000,11603,5000,PARKWOOD RD,RESIDENTIAL,5.5 A LAND PARKWOOD                            ,0,0, ,5000,457380,12-30-2008,GAR (2 CAR)                                    ,PITTSBURGH,11603,5000,1,5000,PA,0,VACANT LAND,5000,16th Ward - PITTSBURGH
-79.9288520618189,40.3754589473089,0,15207,30700,0,LAVILLE 1ST PLAN 102 IRREG LOT                 , ,0134N00130000000,13103,30700,LAVILLE AVE,RESIDENTIAL,579.02X536.11X199.43 LAVILLE AVE (PVT)         ,0,0, ,30700,208652,04-01-1980,,PITTSBURGH,13103,30700,5600,30700,PA,0,VACANT LAND,30700,31st Ward - PITTSBURGH
-80.0014498478682,40.4820031313132,0,15214,23000,H,WILLIAM HAZLETT PL PTS 37-51-52 TRI LOT 271.25X488.75X407.90, ,0116S00058000000,93701,23000,NORTH ST,RESIDENTIAL,,0,0, ,23000,65340,05-12-2017,,PITTSBURGH,93701,23000,138000,23000,PA,0,VACANT LAND,23000,Reserve  
-79.8875264844705,40.4777669359032,0,15206,8500,H,8 A LD BELOW LINCOLN AVE RIVERHILL ST NR ALLEGH, ,0172G00100000000,11201,8500,LINCOLN AVE,RESIDENTIAL,ENY RIVER                                      ,0,0, ,8500,348480,08-15-2018,,PITTSBURGH,11201,8500,40000,8500,PA,0,VACANT LAND,8500,12th Ward - PITTSBURGH
-79.9759578981484,40.4029530702543,0,15227,27600,3,CINDRICH SUBDIVISION, ,0059F00138000000,BALDWIN BOROUGH,27600,NORTH ST,RESIDENTIAL,LOT 2RR = 164.73 FRONTING W/ 20 TOTAL BEARINGS,0,0, ,27600,1020916,01-20-2006,,PITTSBURGH,87701,27600,0,27600,PA,0,VACANT LAND,27600,Baldwin Boro  
-79.9964282805229,40.4736984219313,0,15212,29200,9,5.447 A LD WILLIAMS RD                         , ,0078N00130000000,93702,29200,WILLIAMS RD,RESIDENTIAL,2.853 ALD WILLIAMS RD                          ,0,0, ,29200,361548,11-15-2002,,PITTSBURGH,93702,29200,175000,29200,PA,0,VACANT LAND,29200,Reserve  
-79.9035373729089,40.4705732737027,0,15206,10800,3,CICCIONE PLAN 1 IRREG LOT = 92.93X708.35X, ,0124D00259000000,11202,10800,DUNMORE ST,RESIDENTIAL,194.30 (OR 1.8195 ALD) DUNMORE ST COR,0,615, ,10800,79257,03-26-2007,NELSON ST,PITTSBURGH,11202,10800,0,10800,PA,0,VACANT LAND,10800,12th Ward - PITTSBURGH
-79.9667572856379,40.4089859822094,0,15210,32200,H,7.649 ACRES LAND PARKWOOD RD, ,0032H00100000000,11603,32200,PARKWOOD RD,RESIDENTIAL,,0,0, ,32200,333234,06-23-2016,,PITTSBURGH,11603,32200,4871026,32200,PA,0,VACANT LAND,32200,16th Ward - PITTSBURGH
-80.0101793628156,40.4097110243431,0,15226,5300,28,UN NUMBERED LOT PARCEL A LOT 525.70XAVG127.02X5, ,0034F00220000000,11902,5300,PIONEER AVE,RESIDENTIAL,02.39 PIONEER AVE,0,0, ,5300,65292,12-11-2008,UN NUMBERED LOT PARCEL B LOT 401.71XAVG139.03X4,PITTSBURGH,11902,5300,5350,5300,PA,0,VACANT LAND,5300,19th Ward - PITTSBURGH
-79.9790375198772,40.396623681233,0,15210,20700,GV,JAMES B MURRAY PLAN PT 13 IRREG TRI LOT 283.55X, ,0059N00258000000,12901,20700,MADELINE ST,RESIDENTIAL,112.53X 282.02 RR MADELINE ST COR AGNEW LN     ,0,385, ,20700,56192,08-17-2018,,PITTSBURGH,12901,20700,12047,20700,PA,0,VACANT LAND,20700,29th Ward - PITTSBURGH
-80.0404758851609,40.4293841339572,0,15220,34300,9,WABASH HEIGHTS PLAN PTS 253 TO 258 INCL LOT 195, ,0018G00045000000,12004,34300,LAMPE WAY,RESIDENTIAL,X95.95X129 RR IN ALL GREENTREE RD COR LAMPE AVE,0,0, ,34300,52098,09-19-2003,WABASH HEIGHTS PLAN PTS 261 TO 264 INCL LOT 101,PITTSBURGH,12004,34300,17000,34300,PA,0,VACANT LAND,34300,20th Ward - PITTSBURGH
-79.9329983221183,40.3796444804042,0,15207,27100,0,RISHER PLAN PT 33 IRREG LOT 297.94X451.8X72.7 R, ,0134J00015000000,13103,27100,WHEELING ST,RESIDENTIAL,R WHEELING ST 1,0,675, ,27100,168882,11-10-2005,RISHER PLAN 34 IRREG LOT 166.7X451.8X210.2 RR W,PITTSBURGH,13103,27100,14900,27100,PA,0,VACANT LAND,27100,31st Ward - PITTSBURGH
-79.9499952383726,40.4317430118609,0,15213,198900,9,PGH JUNCTION RR 4.318 ALD E SIDE OF BOUNDARY ST, ,0029H00320000000,11401,198900,BOUNDARY ST,RESIDENTIAL,N OF NIXON TO BRIDGE-WILMONT ST YARDS R/W      ,0,0, ,198900,188179,05-23-2008,,PITTSBURGH,11401,198900,1,198900,PA,0,VACANT LAND,198900,14th Ward - PITTSBURGH
-79.9352663611215,40.3824071103268,0,15207,15700,N,J M RISER ASSIGNEE PLAN 206 TRI LOT 478.07X190., ,0135D00160000000,13103,15700,KILGORE ST,RESIDENTIAL,16X481.15 KILGORE & DIVISION ST                ,0,0, ,15700,45302,01-02-1947,,PITTSBURGH,13103,15700,0,15700,PA,0,VACANT LAND,15700,31st Ward - PITTSBURGH
-79.9978313421268,40.4593913377277,0,15212,600,H,LOTS 3-11 IN UNRECORDED PLAN = 133.6X52.5X215X13X168X20.25X, ,0024E00331000000,WARD 24 - SPRING GARDEN,600,QUEEN ST,RESIDENTIAL,160X20X100,0,0, ,600,54450,02-11-2019,,PITTSBURGH,12402,600,1,600,PA,0,VACANT LAND,600,24th Ward - PITTSBURGH
-79.9289691772293,40.3837955605325,0,15207,42800,H,DOERR TERRACE PLAN 147-153 INCL LOT 350XAVG971., ,0134A00325000000,13103,42800,CIRCLE AVE,RESIDENTIAL,77 IN ALL CIRCLE AV,0,0, ,42800,340204,08-02-2007,,PITTSBURGH,13103,42800,39250,42800,PA,0,VACANT LAND,42800,31st Ward - PITTSBURGH
-79.9816991919791,40.4069411847162,0,15210,23500,N,1.5 A LD TWP RD END OF MARGARET ST             , ,0032J00085000000,83901,23500,MARGARET ST,RESIDENTIAL,,0,0, ,23500,65340,09-12-1914,,PITTSBURGH,83901,23500,0,23500,PA,0,VACANT LAND,23500,Mt. Oliver  
-79.9977207794613,40.4021533301217,0,15210,41300,H,LOT = 249.48X269.775X384.945X337.095X515.625X833.25, ,0060A00292000000,11801,41300,DANE ST,RESIDENTIAL,,0,0, ,41300,294030,05-14-2015,,PITTSBURGH,11801,41300,500000,41300,PA,0,VACANT LAND,41300,18th Ward - PITTSBURGH
-79.9244874198072,40.4167627585062,0,15217,5800,H,LOT 407XAVG122X385 RR OF SALINE ST             , ,0088K00050000000,11402,5800,SALINE ST,RESIDENTIAL,,0,0, ,5800,48744,04-04-2013,,PITTSBURGH,11402,5800,0,5800,PA,0,VACANT LAND,5800,14th Ward - PITTSBURGH
-80.0246602795045,40.4963306536929,0,15214,63100,9,PATRN EST JOHN ANDERSON PT PURPT 2 8.578 A LD P, ,0162K00115000000,94004,63100,PERRYSVILLE RD,RESIDENTIAL,ERRY VIEW AVE                                  ,0,0, ,63100,373745,05-12-1925,,PITTSBURGH,94004,63100,0,63100,PA,0,VACANT LAND,63100,Ross  
-79.9681563016446,40.4060894486069,0,15210,31200,H,1.413 A LD BECK RUN RD, ,0032S00100000000,BALDWIN BOROUGH,31200,BECKS RUN RD,RESIDENTIAL,,0,0, ,31200,61550,06-23-2016,,PITTSBURGH,87701,31200,128974,31200,PA,0,VACANT LAND,31200,Baldwin Boro  
-80.0790522345942,40.455911299002,0,15204,20400,H,BAILEY - WINDGAP PLAN OF LOTS, ,0071J00175000000,12802,20400,SUMMERDALE ST,RESIDENTIAL,LOT 2 = 314.03 FRONTING WITH 7 TOTAL BEARINGS,0,0, ,20400,52947,06-17-2019,,PITTSBURGH,12802,20400,220000,20400,PA,0,VACANT LAND,20400,28th Ward - PITTSBURGH
-79.9490230805339,40.4393737233492,0,15213,172400,9,PGH JUNCTION RR 2.424 ALD E SIDE OF BOUNDARY-  , ,0028S00250000000,PITTSBURGH URBAN,172400,BOUNDARY ST,COMMERCIAL,WILMOT ST BRIDGE TO N OF SEMPLE R/W            ,0,0, ,172400,403060,05-23-2008,PGH JUNCTION RR 5.346 ALD E SIDE OF BOUNDARY   ,PITTSBURGH,51C34,172400,1,172400,PA,0,VACANT LAND,172400,14th Ward - PITTSBURGH
-80.0486371626434,40.4427160009224,0,15220,11500,H,1.95 A LD STEUBEN ST                           , ,0019A00012000000,12802,11500,STEUBEN ST,RESIDENTIAL,,0,1328, ,11500,84942,04-04-2001,,PITTSBURGH,12802,11500,128000,11500,PA,0,VACANT LAND,11500,28th Ward - PITTSBURGH
-79.9668286418706,40.4104671707738,0,15210,19800,UR,2.5692 A LD PARKWOOD RD                        , ,0032H00028000000,11603,19800,PARKWOOD RD,RESIDENTIAL,,0,988, ,19800,111949,07-22-2010,,PITTSBURGH,11603,19800,17500,19800,PA,0,VACANT LAND,19800,16th Ward - PITTSBURGH
-79.9434405504292,40.3765642116255,0,15207,54000,4,14.83 A LD BALDWIN RD                          , ,0135P00050000000,13103,54000,BALDWIN RD,RESIDENTIAL,,0,0, ,54000,626392,12-31-1997,,PITTSBURGH,13103,54000,120000,54000,PA,0,VACANT LAND,54000,31st Ward - PITTSBURGH
-79.941036298935,40.380793890688,0,15236,48700,3,PARTN PLAN J D HAYS EST PT PURPT 16 6.05 A LD S, ,0135F00205000000,BALDWIN BOROUGH,48700,REVO RD,RESIDENTIAL,URF REVO RD                                    ,0,0, ,48700,263538,03-29-2018,,PITTSBURGH,87701,48700,1,48700,PA,0,VACANT LAND,48700,Baldwin Boro  
-79.9268674192519,40.3850070753723,0,15207,17200,H,DOERR TERRACE PLAN 275-281 INCL LOT 374.75X150X, ,0091P00310000000,13103,17200,SOUTHVIEW AVE,RESIDENTIAL,441.53 RR IN ALL SOUTHVIEW AV,0,0, ,17200,61202,08-02-2007,,PITTSBURGH,13103,17200,39250,17200,PA,0,VACANT LAND,17200,31st Ward - PITTSBURGH
-79.9503723151037,40.4370199072654,0,15213,57100,9,2.90 A LD BOUNDARY ST COR SEMPLE ST OR (LOTS 49, ,0028M00175000000,10403,57100,BOUNDARY ST,RESIDENTIAL,50 PTS 51 TO 57 INCL 58 TO 61 INCL & 61 INCL &,0,0, ,57100,126324,05-23-2008,),PITTSBURGH,10403,57100,1,57100,PA,0,VACANT LAND,57100,4th Ward - PITTSBURGH
-80.0024117399122,40.4759156347774,0,15214,3200,H,SUB DIV WM HAZLETT FARM PLAN LOT 151XAVG254.16X, ,0077M00090000000,WARD 26 - SUMMER HILL,3200,DUCO WAY,RESIDENTIAL,209.54 RR DUCO WAY                             ,0,0, ,3200,45816,10-11-2018,,PITTSBURGH,12601,3200,10000,3200,PA,0,VACANT LAND,3200,26th Ward - PITTSBURGH
-79.9343888803872,40.3787832593025,0,15207,18200,N,1.67 A LAND                                    , ,0135M00106000000,13103,18200,ORLEANS ST,RESIDENTIAL,,0,0, ,18200,72745,11-16-1956,,PITTSBURGH,13103,18200,0,18200,PA,0,VACANT LAND,18200,31st Ward - PITTSBURGH
-79.8994861880916,40.478091356215,0,15206,17800,3,1.0593 A LD WASHINGTON BLVD, ,0172E00010000000,11201,17800,WASHINGTON BLVD,RESIDENTIAL,,0,0, ,17800,46143,08-17-2004,,PITTSBURGH,11201,17800,1,17800,PA,0,VACANT LAND,17800,12th Ward - PITTSBURGH
-80.0461467619074,40.4560829692287,0,15204,12100,GV,LOT 150X400 NAPLES AVE                         , ,0021J00217000000,12003,12100,NAPLES AVE,RESIDENTIAL,,0,0, ,12100,59982,08-17-2018,,PITTSBURGH,12003,12100,2183,12100,PA,0,VACANT LAND,12100,20th Ward - PITTSBURGH
-80.0736253922556,40.4621874341139,0,15204,21100,99,3.454 A LAND WINDGAP RD                        , ,0071C00200000000,12002,21100,WINDGAP RD,RESIDENTIAL,,0,0, ,21100,150456,07-25-2011,,PITTSBURGH,12002,21100,3000,21100,PA,0,VACANT LAND,21100,20th Ward - PITTSBURGH
-80.0692268483006,40.4556808931287,0,15204,27500,21,3 A LD ISOLINE ST, ,0071M00140000000,12002,27500,ISOLINE ST,RESIDENTIAL,,0,0, ,27500,130680,05-24-2004,,PITTSBURGH,12002,27500,25000,27500,PA,0,VACANT LAND,27500,20th Ward - PITTSBURGH
-80.0393085695688,40.4079050875683,0,15216,35000,9,11.74 AC LD CARNAHAN RD                        , ,0036L00150000000,12001,35000,CARNAHAN RD,RESIDENTIAL,,0,0, ,35000,522720,01-29-1988,,PITTSBURGH,12001,35000,100000,35000,PA,0,VACANT LAND,35000,20th Ward - PITTSBURGH
-79.9997242253676,40.4802952508354,0,15212,55900,9,WM HAZLETT PLAN PT 35 IRREG LOT 52.46X330X148 R, ,0077D00182000000,93701,55900,BEECH ST,RESIDENTIAL,R BEECH ST                                     ,0,0, ,55900,236661,04-27-2016,WM HAZLETT PLAN 30 LOT 97.5XAVG443.5 BEECH ST  ,PITTSBURGH,93701,55900,14000,55900,PA,0,VACANT LAND,55900,Reserve  
-79.9872126223366,40.4230497702072,0,15203,34900,4,1.35 A LD BROSVILLE ST BET AMANDA & MONASTERY T, ,0014C00138000000,11702,34900,BROSVILLE ST,RESIDENTIAL,HRU TO REGINA                                  ,0,0, ,34900,58806,11-29-1995,,PITTSBURGH,11702,34900,113000,34900,PA,0,VACANT LAND,34900,17th Ward - PITTSBURGH
-79.8869828158808,40.473811152326,0,15235,17800,3,2.102 A LD LINCOLN THRU TO PAXICO, ,0172S00339000000,PENN HILLS TOWNSHIP,17800,LINCOLN RD,RESIDENTIAL,2 STY BRK VEN HSE #1855,0,1855, ,17800,91563,03-25-2014,,PITTSBURGH,93406,17800,0,17800,PA,0,VACANT LAND,17800,Penn Hills  
-80.0055500526403,40.4015471250832,0,15226,14400,3,BOQUET ESTATES PL PT PARCEL A LOT 166.86XAVG556, ,0061G00108000000,11903,14400,EDGEBROOK AVE,RESIDENTIAL,.50X395.93 RR EDGEBROOK AVE,0,0, ,14400,156380,12-12-2007,,PITTSBURGH,11903,14400,1,14400,PA,0,VACANT LAND,14400,19th Ward - PITTSBURGH
-80.031999854142,40.4081154349364,0,15216,20900,3,1.331 ALD BANKSVILLE RD                        , ,0035J00070000000,12002,20900,BANKSVILLE RD,RESIDENTIAL,,0,0, ,20900,57935,02-13-2017,,PITTSBURGH,12002,20900,1,20900,PA,0,VACANT LAND,20900,20th Ward - PITTSBURGH
-79.9352819897718,40.4163875109055,0,15207,49600,H,BATKO CONSOLIDATION PLAN, ,0055M00317000000,11502,49600,BLACKSTONE ST,RESIDENTIAL,LOT 1 = 206.11X191.40X193.44X42.47X25.68X264.09,0,549, ,49600,49624,08-20-2018,,PITTSBURGH,11502,49600,1,49600,PA,0,VACANT LAND,49600,15th Ward - PITTSBURGH
-80.0284308320633,40.4892844167443,0,15212,31500,2,1-1/5 A LAND TEXTOR & KLINE ST                 , ,0115B00312000000,WARD 27,31500,KARWICH AVE,RESIDENTIAL,,0,0, ,31500,65340,04-30-2009,,PITTSBURGH,12701,31500,22887,31500,PA,0,VACANT LAND,31500,27th Ward - PITTSBURGH
-80.0315611233789,40.41347417226,0,15216,30400,3,2.09 A LD, ,0035A00271000000,12001,30400,BANKSVILLE RD,RESIDENTIAL,,0,1436, ,30400,91040,01-12-2005,,PITTSBURGH,12001,30400,1,30400,PA,0,VACANT LAND,30400,20th Ward - PITTSBURGH
-79.9255548646774,40.3870385210352,0,15207,19800,H,DOERR TERRACE PLAN 343 TO 351 INCL LOT 542.05X1, ,0091P00070000000,13103,19800,SOUTHVIEW AVE,RESIDENTIAL,65X548.8 RR IN ALL SOUTHVIEW AV-RING ST,0,0, ,19800,89995,08-02-2007,,PITTSBURGH,13103,19800,39250,19800,PA,0,VACANT LAND,19800,31st Ward - PITTSBURGH
-79.9013557556152,40.4240646834403,0,15218,700,5,LOT 197.92XAVG313.35X175.52 RR WINDERMERE DR (1, ,0128S00165000000,11403,700,WINDERMERE DR,RESIDENTIAL,.43 A)                                         ,0,0, ,700,62291,04-25-1991,,PITTSBURGH,11403,700,15000,700,PA,0,VACANT LAND,700,14th Ward - PITTSBURGH
-79.9886646481163,40.4759245714001,0,15212,10500,9,PETER REISCHER PLAN 4 & 10 1 A LD SPRING GARDEN, ,0078L00212000000,WARD 26 - NORTHVIEW HEIGHTS,10500,SPRING GARDEN AVE,RESIDENTIAL, AVE                                           ,0,0, ,10500,43560,06-23-1980,,PITTSBURGH,12603,10500,584,10500,PA,0,VACANT LAND,10500,26th Ward - PITTSBURGH
-79.9002784016219,40.4703564208186,0,15206,23600,H,PLAN 162 TO 171 INC AND PTS 172-173-174 LOT 387, ,0124D00127000000,11202,23600,MISSOURI ST,RESIDENTIAL,.98XAVG847X279.91 RR IN ALL MISSOURI BET OLIVAN,0,0, ,23600,218671,11-06-2002,,PITTSBURGH,11202,23600,200000,23600,PA,0,VACANT LAND,23600,12th Ward - PITTSBURGH
-80.0143698982071,40.4601692506641,0,15214,20300,H,LOT = 35.51 X 151.57 X 15 X 238.71 X 132 X 420.19 X 92.71, ,0023A00213000000,WARD 25,20300,OHERN ST,RESIDENTIAL,,0,0, ,20300,62988,11-22-2019,,PITTSBURGH,12502,20300,510000,20300,PA,0,VACANT LAND,20300,25th Ward - PITTSBURGH
-79.9509122457652,40.4402843902231,0,15213,49600,3,LOT85.6XAVG692.07X62 RR JONCAIRE, ,0028H00252000000,10403,49600,JONCAIRE ST,RESIDENTIAL,,0,0, ,49600,51227,10-04-2017,,PITTSBURGH,10403,49600,1,49600,PA,0,VACANT LAND,49600,4th Ward - PITTSBURGH
-79.9248137262928,40.3845120393814,0,15207,19800,H,DOERR TERRACE PLAN 172-182 INCL LOT 629.88X140X, ,0134B00136000000,13103,19800,CIRCLE AVE,RESIDENTIAL,649.93 RR IN ALL CIRCLE AVE,0,0, ,19800,89734,08-02-2007,,PITTSBURGH,13103,19800,39250,19800,PA,0,VACANT LAND,19800,31st Ward - PITTSBURGH
